Posici√≥n,Precio,Volumen,Hora
GGAL042021,119.25,2,16:59:59
GGAL042021,119.35,5,16:59:58
GGAL042021,119.25,1,16:59:58
GGAL042021,119.35,2,16:59:58
ORO052021,1792.0,1,16:59:58
GGAL042021,119.25,1,16:59:56
GGAL062021,125.9,20,16:59:56
GGAL062021,125.9,1,16:59:56
RFX20042021,65490.0,1,16:59:56
RFX20042021,65450.0,1,16:59:54
RFX20042021,65450.0,5,16:59:54
RFX20042021,65490.0,3,16:59:54
RFX20042021,65490.0,1,16:59:54
RFX20042021,65490.0,2,16:59:54
YPFD042021,601.8,1,16:59:54
YPFD042021,597.0,1,16:59:30
GGAL062021,125.9,1,16:59:25
RFX20042021,65320.0,4,16:59:20
RFX20042021,65320.0,5,16:59:20
GGAL042021,119.5,5,16:59:14
WTI052021,63.57,1,16:59:06
GGAL042021,119.5,5,16:59:04
GGAL062021,125.55,1,16:58:59
RFX20042021,65495.0,5,16:58:59
RFX20062021,70130.0,3,16:58:56
GGAL062021,125.55,35,16:58:55
RFX20042021,65440.0,5,16:58:54
RFX20042021,65450.0,2,16:58:54
RFX20042021,65495.0,5,16:58:54
RFX20042021,65500.0,2,16:58:54
RFX20042021,65405.0,9,16:58:51
GGAL042021,119.65,13,16:58:50
RFX20042021,65400.0,1,16:58:38
RFX20042021,65400.0,1,16:58:38
GGAL042021,119.5,3,16:58:33
GGAL042021,119.5,10,16:58:33
GGAL042021,119.5,1,16:58:31
GGAL042021,119.5,11,16:58:31
GGAL042021,119.5,8,16:58:31
RFX20042021,65405.0,1,16:58:30
GGAL042021,119.45,20,16:58:28
RFX20042021,65400.0,1,16:58:26
RFX20042021,65400.0,1,16:58:26
RFX20042021,65395.0,2,16:58:19
GGAL042021,119.4,8,16:58:16
GGAL042021,119.4,2,16:58:16
RFX20042021,65350.0,5,16:58:15
RFX20042021,65390.0,1,16:58:12
RFX20042021,65350.0,2,16:58:11
RFX20042021,65375.0,3,16:58:07
RFX20042021,65375.0,1,16:58:07
GGAL042021,119.35,8,16:58:01
GGAL042021,119.35,2,16:57:58
RFX20042021,65370.0,1,16:57:56
RFX20042021,65350.0,2,16:57:45
PAMP042021,84.5,1,16:57:24
GGAL042021,119.3,1,16:56:38
RFX20042021,65350.0,2,16:56:16
GGAL042021,119.25,10,16:56:09
RFX20042021,65350.0,1,16:56:07
GGAL042021,119.25,5,16:56:01
RFX20042021,65350.0,1,16:56:00
GGAL042021,119.25,1,16:55:59
GGAL042021,119.25,4,16:55:59
YPFD042021,600.0,1,16:55:53
WTI052021,63.58,1,16:55:51
RFX20062021,70130.0,20,16:55:47
RFX20042021,65375.0,2,16:55:47
RFX20042021,65350.0,1,16:55:44
YPFD042021,600.0,1,16:55:39
RFX20042021,65350.0,1,16:54:51
RFX20042021,65350.0,1,16:54:51
GGAL042021,119.1,5,16:54:36
GGAL042021,119.1,4,16:53:18
GGAL042021,119.1,6,16:53:18
GGAL042021,119.25,5,16:52:49
YPFD042021,599.0,2,16:52:47
YPFD042021,599.0,2,16:52:47
GGAL062021,125.3,3,16:52:29
RFX20042021,65340.0,4,16:52:21
RFX20042021,65395.0,2,16:52:01
RFX20042021,65395.0,1,16:52:01
RFX20042021,65395.0,1,16:52:01
RFX20042021,65390.0,1,16:51:53
RFX20042021,65300.0,10,16:51:48
GGAL042021,119.2,20,16:51:46
RFX20042021,65280.0,10,16:51:45
YPFD042021,598.2,1,16:51:43
RFX20042021,65280.0,7,16:51:41
RFX20042021,65275.0,2,16:51:38
GGAL062021,125.0,7,16:51:37
RFX20042021,65235.0,2,16:51:30
YPFD042021,597.0,5,16:51:21
RFX20042021,65230.0,2,16:51:17
RFX20042021,65275.0,3,16:50:25
WTI052021,63.59,4,16:50:21
WTI052021,63.58,5,16:50:12
WTI052021,63.57,1,16:50:05
YPFD062021,637.2,1,16:49:50
RFX20042021,65250.0,1,16:48:40
RFX20042021,65280.0,3,16:47:56
RFX20042021,65250.0,1,16:47:52
YPFD042021,598.0,1,16:47:51
YPFD042021,598.0,1,16:47:51
WTI052021,63.55,5,16:47:21
WTI052021,63.55,5,16:47:14
PAMP062021,89.4,5,16:46:27
PAMP042021,84.0,11,16:46:12
RFX20042021,65150.0,2,16:45:49
PAMP042021,83.9,5,16:44:37
RFX20042021,65150.0,1,16:43:56
RFX20042021,65150.0,3,16:43:50
RFX20042021,65140.0,1,16:43:48
RFX20042021,65150.0,7,16:43:47
RFX20042021,65130.0,3,16:43:22
RFX20042021,65165.0,1,16:43:19
RFX20042021,65165.0,1,16:43:19
RFX20042021,65165.0,1,16:43:19
RFX20042021,65165.0,1,16:43:19
RFX20042021,65165.0,1,16:43:19
WTI052021,63.55,5,16:43:17
RFX20042021,65170.0,5,16:43:16
RFX20042021,65170.0,1,16:43:16
RFX20042021,65170.0,1,16:43:16
RFX20042021,65170.0,1,16:42:58
PAMP062021,89.65,5,16:42:57
RFX20042021,65200.0,1,16:42:40
RFX20042021,65200.0,1,16:41:10
RFX20042021,65200.0,1,16:41:10
RFX20042021,65200.0,1,16:41:10
RFX20042021,65200.0,1,16:41:10
RFX20042021,65200.0,1,16:41:10
RFX20042021,65200.0,4,16:41:10
GGAL042021,118.95,1,16:40:32
GGAL062021,124.6,1,16:40:32
RFX20042021,65205.0,5,16:39:53
RFX20042021,65205.0,6,16:39:53
RFX20042021,65240.0,5,16:39:52
RFX20042021,65205.0,1,16:39:13
RFX20042021,65240.0,1,16:38:59
GGAL062021,124.6,4,16:38:13
RFX20042021,65215.0,2,16:38:09
GGAL042021,119.25,2,16:37:33
GGAL042021,119.25,1,16:37:33
RFX20042021,65210.0,1,16:37:32
GGAL042021,119.0,3,16:37:12
GGAL042021,119.0,2,16:36:59
RFX20042021,65215.0,2,16:36:49
GGAL042021,119.0,2,16:36:41
GGAL042021,119.0,2,16:36:41
RFX20042021,65215.0,3,16:36:38
RFX20042021,65215.0,3,16:36:36
RFX20042021,65215.0,1,16:36:13
RFX20042021,65215.0,2,16:36:11
RFX20042021,65215.0,3,16:35:37
RFX20042021,65215.0,4,16:34:59
RFX20042021,65215.0,3,16:34:59
RFX20042021,65215.0,1,16:34:59
RFX20042021,65215.0,7,16:34:59
WTI052021,63.5,10,16:34:48
GGAL042021,119.1,1,16:34:29
PAMP042021,83.65,5,16:34:19
GGAL042021,119.1,1,16:34:00
GGAL042021,119.25,2,16:31:55
GGAL042021,119.25,2,16:31:46
GGAL042021,119.25,2,16:31:34
GGAL042021,119.25,2,16:31:24
GGAL042021,119.25,2,16:31:22
GGAL042021,119.25,2,16:29:58
GGAL042021,119.25,2,16:29:45
GGAL042021,119.25,2,16:29:28
GGAL042021,119.25,2,16:29:26
RFX20042021,65235.0,1,16:29:22
GGAL042021,119.2,2,16:29:16
RFX20042021,65240.0,1,16:29:02
RFX20042021,65235.0,2,16:29:02
GGAL042021,119.2,2,16:29:01
RFX20042021,65240.0,2,16:29:00
GGAL042021,119.25,2,16:28:52
RFX20042021,65240.0,4,16:28:48
GGAL042021,119.25,2,16:28:43
YPFD042021,594.5,3,16:28:17
GGAL042021,119.25,2,16:28:04
WTI052021,63.4,1,16:27:56
YPFD042021,594.75,3,16:27:52
YPFD042021,594.75,3,16:27:52
GGAL042021,119.2,2,16:27:43
GGAL042021,119.25,2,16:27:38
YPFD042021,595.0,1,16:27:34
GGAL062021,125.0,5,16:26:15
RFX20042021,65265.0,5,16:26:11
RFX20042021,65290.0,6,16:25:59
RFX20042021,65290.0,4,16:25:59
RFX20042021,65290.0,1,16:25:19
RFX20042021,65305.0,5,16:23:57
RFX20042021,65310.0,7,16:23:54
RFX20042021,65310.0,2,16:23:54
RFX20042021,65310.0,1,16:23:42
RFX20042021,65310.0,5,16:23:16
RFX20042021,65310.0,7,16:23:06
RFX20042021,65300.0,5,16:23:01
RFX20042021,65310.0,2,16:22:56
RFX20042021,65315.0,1,16:22:45
RFX20042021,65310.0,6,16:22:27
RFX20042021,65310.0,4,16:22:23
RFX20042021,65310.0,1,16:22:12
GGAL042021,119.0,2,16:22:00
GGAL042021,119.0,2,16:22:00
WTI052021,63.45,2,16:21:35
RFX20042021,65285.0,1,16:20:38
RFX20042021,65285.0,1,16:20:36
RFX20042021,65285.0,3,16:20:34
RFX20042021,65285.0,6,16:20:32
RFX20042021,65285.0,5,16:20:20
RFX20042021,65290.0,2,16:20:05
GGAL062021,125.0,7,16:20:05
RFX20042021,65290.0,3,16:19:56
PAMP042021,83.7,2,16:19:28
RFX20042021,65290.0,1,16:19:07
RFX20042021,65290.0,3,16:19:07
RFX20042021,65290.0,2,16:19:07
WTI052021,63.6,1,16:18:35
RFX20042021,65290.0,5,16:18:31
RFX20042021,65290.0,1,16:18:29
RFX20042021,65290.0,2,16:18:29
RFX20042021,65290.0,3,16:18:17
RFX20042021,65280.0,6,16:18:10
RFX20042021,65285.0,3,16:18:10
RFX20042021,65290.0,21,16:18:10
WTI052021,63.38,10,16:17:22
RFX20042021,65275.0,3,16:17:08
RFX20042021,65275.0,5,16:16:24
RFX20042021,65250.0,1,16:16:01
RFX20042021,65245.0,4,16:15:58
RFX20042021,65250.0,5,16:15:58
RFX20042021,65245.0,1,16:15:55
RFX20042021,65245.0,5,16:15:50
RFX20042021,65250.0,5,16:15:50
YPFD042021,595.0,1,16:15:26
GGAL042021,119.35,1,16:15:22
GGAL042021,119.0,4,16:15:15
RFX20042021,65205.0,1,16:15:13
RFX20042021,65205.0,4,16:15:13
RFX20042021,65210.0,1,16:15:10
RFX20042021,65210.0,2,16:15:09
RFX20042021,65210.0,4,16:15:03
RFX20042021,65210.0,5,16:14:55
RFX20042021,65205.0,10,16:14:48
GGAL062021,125.2,10,16:14:45
YPFD042021,594.95,1,16:14:44
RFX20042021,65245.0,1,16:14:39
YPFD042021,594.5,8,16:14:37
YPFD042021,594.5,1,16:14:37
GGAL042021,118.9,4,16:14:36
GGAL042021,119.1,5,16:14:35
RFX20042021,65210.0,5,16:14:26
RFX20042021,65250.0,2,16:14:24
RFX20042021,65250.0,5,16:14:24
GGAL042021,118.9,1,16:14:13
GGAL042021,118.9,5,16:14:13
GGAL042021,118.9,4,16:14:13
RFX20042021,65205.0,10,16:14:07
RFX20042021,65210.0,3,16:14:06
RFX20042021,65215.0,5,16:14:04
YPFD042021,594.5,1,16:14:02
RFX20042021,65220.0,3,16:14:00
RFX20042021,65220.0,1,16:13:59
RFX20042021,65220.0,5,16:13:59
RFX20042021,65225.0,5,16:13:54
GGAL042021,119.1,5,16:13:50
RFX20042021,65225.0,5,16:13:44
RFX20042021,65225.0,5,16:13:42
GGAL062021,125.2,4,16:13:33
RFX20042021,65250.0,5,16:13:29
RFX20042021,65260.0,6,16:13:27
RFX20042021,65265.0,7,16:13:24
RFX20042021,65300.0,3,16:13:08
GGAL042021,119.1,8,16:12:54
GGAL042021,119.05,5,16:12:54
GGAL042021,119.05,2,16:12:54
RFX20042021,65300.0,4,16:12:39
RFX20042021,65300.0,2,16:12:23
GGAL042021,119.1,2,16:12:21
RFX20042021,65330.0,5,16:12:19
GGAL042021,119.2,2,16:12:13
RFX20042021,65330.0,2,16:12:04
RFX20042021,65330.0,11,16:11:59
RFX20042021,65330.0,3,16:10:30
RFX20042021,65330.0,2,16:10:30
RFX20042021,65330.0,2,16:10:18
RFX20042021,65330.0,5,16:10:02
RFX20042021,65300.0,5,16:09:58
GGAL042021,119.4,9,16:09:58
RFX20042021,65335.0,2,16:09:41
RFX20042021,65330.0,2,16:09:38
RFX20042021,65335.0,8,16:09:38
RFX20042021,65335.0,10,16:09:36
GGAL062021,125.0,2,16:09:32
YPFD042021,594.5,1,16:09:23
GGAL042021,119.4,1,16:09:20
GGAL062021,125.0,1,16:09:20
GGAL042021,119.5,5,16:08:14
GGAL042021,119.5,8,16:08:14
GGAL042021,119.5,1,16:08:14
RFX20042021,65305.0,1,16:08:11
GGAL042021,119.5,4,16:07:58
GGAL042021,119.5,10,16:07:58
GGAL042021,119.5,4,16:07:58
GGAL042021,119.5,10,16:07:58
RFX20042021,65330.0,1,16:07:46
RFX20062021,70100.0,40,16:07:38
RFX20062021,70050.0,1,16:07:35
GGAL042021,119.5,1,16:07:01
GGAL042021,119.45,30,16:06:31
RFX20042021,65335.0,1,16:05:05
RFX20042021,65335.0,5,16:04:59
RFX20042021,65335.0,6,16:04:51
RFX20042021,65335.0,4,16:04:51
GGAL042021,119.15,4,16:04:43
GGAL042021,119.15,3,16:04:28
GGAL042021,119.15,3,16:04:22
GGAL042021,119.1,3,16:04:20
PAMP042021,83.7,1,16:04:11
PAMP042021,83.7,4,16:04:11
RFX20042021,65335.0,1,16:02:47
RFX20042021,65335.0,2,16:02:47
GGAL042021,119.1,7,16:02:35
GGAL042021,119.1,3,16:02:35
RFX20042021,65315.0,4,16:02:18
RFX20042021,65310.0,5,16:02:16
RFX20042021,65315.0,4,16:02:16
RFX20042021,65315.0,1,16:02:10
RFX20042021,65315.0,4,16:02:09
RFX20042021,65310.0,7,16:02:07
WTI052021,63.3,4,16:02:07
RFX20042021,65300.0,1,16:02:04
RFX20042021,65300.0,1,16:02:04
RFX20042021,65275.0,1,16:01:47
RFX20042021,65275.0,1,16:01:31
RFX20042021,65270.0,2,16:01:31
YPFD042021,593.0,1,16:01:31
RFX20042021,65275.0,5,16:01:22
RFX20042021,65275.0,1,16:01:22
RFX20042021,65275.0,5,16:01:22
RFX20042021,65325.0,1,16:01:16
GGAL062021,125.0,15,16:01:05
GGAL062021,125.0,25,16:01:05
GGAL042021,119.15,30,16:01:02
GGAL062021,124.95,23,16:00:50
GGAL042021,119.2,1,15:59:09
GGAL042021,119.2,2,15:59:09
GGAL042021,119.15,2,15:58:58
ORO052021,1793.0,15,15:58:50
ORO052021,1793.0,15,15:58:42
ORO052021,1793.0,15,15:57:57
ORO052021,1793.0,15,15:57:49
RFX20042021,65350.0,5,15:57:42
GGAL042021,119.15,3,15:57:39
GGAL062021,124.95,2,15:57:32
RFX20042021,65350.0,5,15:57:25
GGAL062021,124.4,1,15:56:52
GGAL042021,119.1,15,15:56:39
RFX20042021,65275.0,1,15:55:05
RFX20042021,65280.0,5,15:55:01
GGAL042021,118.85,2,15:54:58
RFX20042021,65350.0,5,15:53:17
RFX20042021,65380.0,11,15:52:21
YPFD042021,593.0,1,15:51:03
RFX20042021,65340.0,3,15:50:21
RFX20042021,65340.0,2,15:50:21
RFX20042021,65330.0,1,15:49:12
GGAL042021,119.0,10,15:48:40
RFX20062021,70140.0,2,15:48:35
RFX20042021,65330.0,5,15:48:17
RFX20042021,65295.0,1,15:48:08
RFX20042021,65325.0,7,15:46:49
RFX20042021,65330.0,5,15:46:48
GGAL042021,118.8,5,15:46:43
GGAL042021,118.9,1,15:46:27
GGAL042021,119.05,15,15:46:03
RFX20042021,65340.0,1,15:46:01
RFX20042021,65360.0,2,15:45:59
RFX20042021,65360.0,3,15:45:52
RFX20042021,65385.0,5,15:45:44
RFX20042021,65360.0,5,15:45:35
RFX20042021,65385.0,3,15:45:27
RFX20042021,65350.0,1,15:45:24
RFX20042021,65350.0,5,15:45:15
RFX20042021,65380.0,1,15:45:15
RFX20042021,65360.0,1,15:45:14
RFX20042021,65385.0,2,15:44:38
RFX20042021,65390.0,2,15:44:29
WTI052021,63.2,5,15:44:11
RFX20042021,65360.0,1,15:44:10
RFX20042021,65360.0,1,15:44:08
RFX20042021,65360.0,2,15:44:08
RFX20042021,65360.0,1,15:44:08
RFX20062021,70150.0,5,15:44:04
RFX20062021,70100.0,1,15:44:01
RFX20062021,70100.0,1,15:44:01
RFX20062021,70100.0,2,15:44:01
RFX20062021,70000.0,10,15:43:54
RFX20042021,65360.0,1,15:43:41
RFX20042021,65350.0,1,15:43:36
RFX20042021,65350.0,1,15:43:36
RFX20042021,65305.0,3,15:43:24
GGAL042021,119.1,1,15:42:58
RFX20042021,65320.0,5,15:42:57
GGAL042021,119.0,2,15:42:29
GGAL042021,119.0,4,15:42:29
RFX20042021,65240.0,5,15:42:25
GGAL042021,119.0,4,15:42:23
GGAL042021,119.0,6,15:42:23
GGAL042021,118.95,10,15:42:20
RFX20042021,65300.0,1,15:41:59
RFX20042021,65300.0,2,15:41:55
RFX20042021,65300.0,2,15:41:55
RFX20042021,65300.0,1,15:41:55
GGAL042021,118.9,16,15:41:55
GGAL042021,118.9,3,15:41:55
GGAL042021,118.85,1,15:41:53
RFX20042021,65280.0,1,15:41:51
RFX20042021,65295.0,2,15:41:51
GGAL042021,118.85,6,15:41:46
RFX20042021,65265.0,2,15:41:29
RFX20042021,65280.0,5,15:41:24
RFX20042021,65255.0,2,15:41:20
RFX20042021,65265.0,7,15:41:09
RFX20042021,65200.0,1,15:40:28
RFX20042021,65200.0,2,15:39:12
RFX20042021,65200.0,1,15:39:10
RFX20042021,65210.0,5,15:39:08
RFX20042021,65200.0,3,15:39:08
RFX20042021,65190.0,1,15:39:04
RFX20042021,65195.0,3,15:39:04
RFX20042021,65170.0,1,15:38:50
RFX20042021,65170.0,1,15:38:32
WTI072021,63.0,2,15:38:29
GGAL042021,118.55,3,15:38:28
RFX20042021,65170.0,1,15:38:22
GGAL042021,118.5,1,15:38:15
RFX20042021,65170.0,2,15:38:10
RFX20042021,65165.0,1,15:37:57
RFX20042021,65165.0,9,15:37:23
RFX20042021,65160.0,1,15:37:15
GGAL042021,118.5,1,15:36:04
GGAL042021,118.5,9,15:36:04
GGAL042021,118.45,4,15:35:57
RFX20042021,65160.0,5,15:35:27
RFX20042021,65180.0,1,15:35:25
RFX20042021,65170.0,1,15:35:25
RFX20042021,65235.0,1,15:34:37
RFX20042021,65200.0,1,15:34:07
RFX20042021,65200.0,1,15:34:07
RFX20042021,65200.0,1,15:34:07
RFX20042021,65125.0,3,15:34:06
RFX20042021,65125.0,1,15:34:06
RFX20042021,65120.0,1,15:34:04
RFX20042021,65120.0,3,15:34:04
RFX20042021,65120.0,1,15:34:04
RFX20042021,65100.0,3,15:33:41
RFX20042021,65100.0,1,15:33:30
WTI052021,63.35,5,15:30:00
RFX20042021,65065.0,1,15:29:06
WTI052021,63.37,5,15:28:59
WTI072021,62.5,13,15:28:45
WTI052021,63.05,1,15:28:26
GGAL062021,124.0,1,15:28:23
GGAL042021,118.35,1,15:28:22
GGAL042021,118.35,1,15:28:18
GGAL042021,118.35,1,15:28:18
GGAL042021,118.35,1,15:28:18
GGAL042021,118.3,1,15:28:16
GGAL062021,124.0,1,15:28:16
GGAL042021,118.3,1,15:28:12
GGAL062021,124.0,1,15:28:12
GGAL062021,124.0,1,15:28:11
GGAL042021,118.3,1,15:28:10
GGAL062021,124.0,1,15:28:10
GGAL042021,118.3,1,15:28:10
GGAL062021,124.0,1,15:28:09
GGAL042021,118.3,1,15:28:09
GGAL042021,118.3,1,15:28:08
GGAL062021,124.0,1,15:28:08
GGAL042021,118.3,1,15:28:08
GGAL042021,118.3,1,15:28:07
GGAL062021,124.0,1,15:28:07
GGAL042021,118.3,1,15:28:07
GGAL062021,124.0,1,15:28:06
GGAL042021,118.3,1,15:28:06
GGAL062021,124.0,1,15:28:01
GGAL062021,124.0,1,15:27:58
GGAL062021,124.0,1,15:27:57
GGAL042021,118.35,1,15:27:56
GGAL062021,124.0,1,15:27:56
GGAL062021,124.0,1,15:27:54
GGAL042021,118.35,1,15:27:54
GGAL042021,118.35,1,15:27:53
GGAL062021,124.0,1,15:27:53
RFX20042021,65120.0,1,15:27:00
RFX20042021,65120.0,1,15:26:53
RFX20042021,65100.0,25,15:25:24
RFX20042021,65100.0,25,15:25:17
GGAL042021,118.5,3,15:24:58
RFX20042021,65095.0,4,15:24:53
RFX20042021,65090.0,4,15:24:11
RFX20042021,65090.0,1,15:24:08
RFX20042021,65035.0,1,15:21:53
GGAL062021,123.9,12,15:21:52
RFX20042021,65030.0,1,15:20:08
RFX20042021,65100.0,4,15:17:44
RFX20042021,65055.0,1,15:17:21
RFX20042021,65010.0,5,15:17:07
RFX20042021,65010.0,5,15:16:38
RFX20042021,65015.0,5,15:16:37
RFX20042021,65010.0,5,15:16:37
WTI052021,62.9,1,15:16:32
GGAL042021,118.4,1,15:16:09
GGAL042021,118.3,10,15:15:28
GGAL042021,118.3,10,15:15:25
GGAL042021,118.3,10,15:15:01
GGAL042021,118.45,10,15:14:02
GGAL042021,118.6,1,15:14:00
GGAL042021,118.5,1,15:13:23
RFX20042021,65010.0,5,15:13:04
GGAL042021,118.3,1,15:12:24
RFX20062021,69750.0,2,15:11:55
GGAL042021,118.25,5,15:11:54
RFX20062021,69670.0,2,15:11:53
GGAL042021,118.3,5,15:11:46
RFX20042021,65125.0,2,15:11:29
RFX20042021,65100.0,1,15:11:18
RFX20042021,65120.0,4,15:11:18
RFX20042021,65125.0,5,15:11:13
RFX20042021,65120.0,3,15:11:07
RFX20042021,65100.0,9,15:11:03
GGAL042021,118.3,1,15:10:49
GGAL042021,118.2,2,15:10:23
GGAL042021,118.15,5,15:10:20
GGAL042021,118.15,5,15:10:13
RFX20042021,65080.0,1,15:09:56
GGAL042021,118.15,5,15:09:50
RFX20042021,64950.0,1,15:05:11
GGAL062021,123.9,1,15:04:51
GGAL042021,118.05,1,15:04:51
GGAL062021,123.9,1,15:04:47
GGAL042021,118.05,1,15:04:46
GGAL042021,118.05,1,15:04:31
GGAL062021,123.9,1,15:04:31
RFX20042021,64945.0,3,15:03:47
RFX20042021,64955.0,1,15:03:12
GGAL042021,118.05,5,15:02:02
RFX20042021,65030.0,1,15:01:00
GGAL042021,118.2,5,15:00:42
RFX20042021,65030.0,2,15:00:33
DLR102021,113.0,30,14:59:58
DLR042021,93.56,5,14:59:54
DLR042021,93.56,15,14:59:54
DLR102021,113.0,20,14:59:54
DLR082021,105.55,8,14:59:50
DLR042021,93.57,1000,14:59:50
DLR112021,117.0,20,14:59:46
DLR042021,93.56,1000,14:59:43
DLR082021,105.45,1,14:59:36
DLR062021,98.95,4,14:59:27
DLR122021,123.0,1000,14:59:23
DLR082021,105.41,198,14:59:14
DLR072021,101.9,1000,14:59:12
DLR082021,105.5,1,14:59:08
DLR052021,96.13,150,14:59:03
RFX20042021,65000.0,10,14:59:01
DLR082021,105.4,1,14:58:50
DLR042021,93.55,100,14:58:50
DLR042021,93.56,1000,14:58:49
DLR042021,93.56,2000,14:58:49
DLR042021,93.56,1000,14:58:49
DLR042021,93.56,1000,14:58:49
DLR102021,113.0,99,14:58:37
DLR042021,93.55,2000,14:58:32
DLR042021,93.55,1000,14:58:32
RFX20042021,64995.0,1,14:58:13
DLR122021,122.5,1,14:57:44
DLR112021,117.95,1,14:57:41
DLR122021,122.9,45,14:57:29
DLR102021,113.0,280,14:57:26
GGAL062021,123.8,1,14:57:12
GGAL042021,118.0,1,14:57:12
DLR042021,93.56,1000,14:57:11
DLR102021,113.0,50,14:57:08
DLR072021,101.9,100,14:57:01
DLR042021,93.56,1000,14:56:22
DLR042021,93.56,1000,14:56:22
DLR042021,93.56,1000,14:56:22
DLR082021,105.3,1000,14:56:09
DLR082021,105.3,1000,14:56:09
DLR082021,105.3,1000,14:56:09
RFX20042021,64995.0,1,14:56:02
DLR092021,108.9,1000,14:56:00
DLR102021,112.97,1000,14:55:57
DLR052021,96.12,1000,14:55:55
RFX20042021,64995.0,1,14:55:52
GGAL042021,118.15,4,14:55:39
DLR052021,96.12,1000,14:55:28
RFX20042021,64960.0,6,14:55:26
GGAL042021,118.15,1,14:55:23
DLR042021,93.55,200,14:55:22
DLR122021,122.9,155,14:55:17
DLR062021,98.89,50,14:55:10
DLR062021,98.9,1000,14:55:07
DLR072021,101.85,1000,14:55:02
DLR062021,98.87,11,14:54:43
DLR042021,93.55,2000,14:54:15
DLR042021,93.55,1000,14:54:15
RFX20042021,64935.0,5,14:53:56
DLR052021,96.12,26,14:53:43
DLR042021,93.55,1000,14:53:21
WTI052021,62.9,5,14:53:18
GGAL042021,117.85,1,14:52:38
GGAL042021,117.85,7,14:52:38
DLR092021,108.8,100,14:52:35
DLR042021,93.54,20,14:52:31
DLR052021,96.12,1000,14:52:28
DLR052021,96.12,1000,14:52:28
DLR042021,93.55,1000,14:52:26
DLR042021,93.55,1000,14:52:26
DLR042021,93.55,1000,14:52:26
DLR042021,93.55,1000,14:52:26
DLR102021,113.0,1000,14:52:25
DLR062021,98.85,25,14:51:54
WTI052021,62.9,9,14:51:47
WTI072021,62.5,2,14:51:42
DLR072021,101.8,1000,14:51:42
DLR122021,122.5,100,14:51:34
DLR092021,108.8,1000,14:51:32
DLR122021,122.5,1000,14:51:32
DLR082021,105.2,1,14:51:32
DLR082021,105.2,199,14:51:32
DLR082021,105.2,1000,14:51:27
DLR122021,122.45,345,14:51:23
DLR102021,112.75,51,14:51:22
DLR112021,117.0,1000,14:51:20
DLR102021,112.75,5000,14:51:18
GGAL042021,117.9,4,14:51:14
DLR062021,98.87,30,14:51:06
YPFD042021,593.0,1,14:50:18
YPFD062021,630.7,1,14:50:08
DLR122021,122.3,20,14:50:06
DLR102021,112.65,500,14:49:02
GGAL042021,117.9,2,14:48:57
GGAL042021,117.9,1,14:48:57
DLR102021,112.6,90,14:48:52
DLR072021,101.75,1000,14:48:43
DLR072021,101.74,1000,14:48:08
DLR042021,93.54,1000,14:48:08
DLR042021,93.54,1000,14:48:08
RFX20042021,64910.0,1,14:48:08
GGAL042021,117.9,1,14:48:01
GGAL042021,117.9,1,14:47:58
DLR062021,98.89,1,14:47:50
RFX20042021,64910.0,1,14:47:48
DLR112021,116.5,53,14:47:38
GGAL042021,117.9,8,14:47:38
DLR112021,116.5,100,14:47:22
DLR042021,93.54,330,14:47:17
DLR112021,116.5,100,14:47:12
DLR042021,93.54,2000,14:47:09
DLR042021,93.54,1000,14:47:09
RFX20042021,64910.0,1,14:46:55
DLR062021,98.85,35,14:46:46
GGAL042021,117.95,5,14:46:45
ORO052021,1778.0,1,14:46:40
WTI052021,62.96,1,14:46:38
WTI052021,62.79,1,14:45:50
WTI052021,62.79,1,14:45:50
RFX20042021,64915.0,3,14:45:38
RFX20042021,64915.0,1,14:45:38
RFX20042021,64910.0,2,14:45:38
ORO052021,1785.0,1,14:45:31
DLR052021,96.11,1000,14:45:18
DLR052021,96.1,1000,14:45:17
DLR052021,96.1,1000,14:44:33
DLR052021,96.1,1000,14:44:33
DLR122021,122.3,30,14:44:30
GGAL042021,117.95,1,14:43:59
GGAL062021,123.8,1,14:43:59
DLR072021,101.7,25,14:43:50
DLR072021,101.7,99,14:43:50
RFX20042021,64960.0,2,14:43:48
DLR062021,98.81,60,14:43:39
DLR112021,116.5,30,14:43:21
PAMP042021,83.85,5,14:43:21
DLR072021,101.67,25,14:43:12
DLR072021,101.69,2000,14:43:07
DLR072021,101.69,1000,14:43:07
DLR112021,116.5,499,14:42:50
DLR102021,112.56,3000,14:42:49
DLR052021,96.1,26,14:42:47
DLR102021,112.5,200,14:42:46
DLR052021,96.09,3000,14:42:38
DLR052021,96.1,1000,14:42:32
DLR052021,96.1,1000,14:42:32
DLR112021,116.5,1,14:42:29
DLR052021,96.09,6000,14:42:26
GGAL042021,118.0,2,14:42:23
DLR122021,122.2,1000,14:42:22
DLR052021,96.09,7000,14:42:22
DLR052021,96.09,4000,14:41:59
DLR122021,122.2,1,14:41:43
RFX20042021,64960.0,2,14:41:43
DLR052021,96.1,11,14:41:42
RFX20062021,69860.0,2,14:41:34
DLR052021,96.1,15,14:41:27
DLR112021,116.6,500,14:41:16
DLR122021,122.4,24,14:40:30
DLR122021,122.4,26,14:40:25
RFX20042021,64900.0,2,14:39:53
RFX20042021,64900.0,3,14:39:53
DLR042021,93.53,330,14:38:10
DLR062021,98.85,500,14:38:04
DLR052021,96.1,1000,14:37:57
DLR052021,96.1,1000,14:37:42
DLR042021,93.53,1000,14:37:42
YPFD042021,592.0,1,14:37:11
YPFD042021,592.0,1,14:37:11
YPFD042021,592.0,1,14:37:11
DLR062021,98.85,330,14:36:08
DLR062021,98.85,2000,14:36:05
DLR062021,98.85,1000,14:36:05
DLR052021,96.1,100,14:35:57
DLR052021,96.1,75,14:35:55
DLR052021,96.1,2000,14:35:52
DLR082021,104.9,1,14:35:51
DLR072021,101.69,20,14:35:50
DLR052021,96.1,1000,14:35:50
DLR052021,96.1,24,14:35:38
DLR122021,122.3,175,14:35:37
DLR042021,93.54,1000,14:35:32
DLR052021,96.1,1000,14:35:32
DLR102021,112.49,49,14:35:28
DLR042021,93.54,1000,14:35:27
DLR042021,93.54,3000,14:35:27
DLR042021,93.54,1000,14:35:27
DLR042021,93.55,100,14:35:06
RFX20062021,69410.0,2,14:34:05
RFX20042021,64850.0,2,14:33:58
RFX20042021,64850.0,5,14:33:52
RFX20062021,69750.0,1,14:33:26
RFX20042021,64850.0,2,14:33:21
RFX20042021,64850.0,3,14:33:21
DLR082021,105.15,1,14:33:20
RFX20042021,64850.0,1,14:33:11
RFX20062021,69790.0,2,14:33:09
RFX20042021,64850.0,2,14:33:09
DLR122021,122.3,250,14:33:08
DLR072021,101.7,1,14:33:06
RFX20042021,64850.0,1,14:32:49
RFX20062021,69750.0,2,14:32:41
DLR102021,112.5,50,14:32:14
DLR052021,96.1,1,14:31:54
DLR042021,93.54,1000,14:31:29
DLR042021,93.54,1000,14:31:29
RFX20042021,64815.0,1,14:31:14
DLR052021,96.1,1000,14:31:10
GGAL042021,118.0,3,14:30:52
DLR052021,96.1,2000,14:30:14
DLR052021,96.1,1000,14:30:14
RFX20042021,64815.0,5,14:30:14
DLR042021,93.55,1000,14:30:02
RFX20042021,64850.0,5,14:30:01
DLR052021,96.1,100,14:29:40
DLR052021,96.1,100,14:29:35
RFX20042021,64880.0,1,14:29:20
RFX20042021,64875.0,10,14:29:20
RFX20042021,64860.0,1,14:29:20
RFX20042021,64860.0,6,14:29:20
RFX20042021,64855.0,1,14:29:20
RFX20042021,64855.0,1,14:29:20
RFX20042021,64890.0,1,14:29:19
RFX20042021,64920.0,1,14:28:34
DLR072021,101.65,3000,14:28:30
DLR062021,98.85,1000,14:27:52
DLR062021,98.85,240,14:27:52
DLR062021,98.85,30,14:27:52
DLR062021,98.85,100,14:27:52
DLR062021,98.85,1000,14:27:37
DLR062021,98.85,1000,14:27:37
DLR072021,101.67,1000,14:26:39
RFX20042021,64890.0,1,14:26:39
GGAL042021,117.85,1,14:26:31
DLR122021,122.3,250,14:26:24
GGAL042021,118.05,5,14:26:14
RFX20042021,64900.0,5,14:25:32
RFX20042021,64890.0,1,14:25:32
DLR052021,96.11,10,14:25:27
DLR052021,96.1,100,14:25:12
DLR052021,96.1,29,14:25:12
RFX20042021,64900.0,1,14:25:06
RFX20042021,64900.0,10,14:25:02
RFX20042021,64910.0,2,14:24:36
DLR082021,105.0,8,14:24:35
DLR082021,105.0,1,14:24:35
DLR042021,93.54,250,14:24:15
DLR042021,93.54,250,14:24:11
DLR092021,108.6,19,14:24:06
DLR042021,93.54,500,14:24:03
DLR102021,112.45,19,14:24:02
RFX20042021,64950.0,3,14:23:45
DLR092021,108.6,50,14:23:38
DLR102021,112.45,50,14:23:23
DLR042021,93.54,1000,14:23:18
DLR052021,96.1,10,14:23:15
DLR102021,112.5,1000,14:23:14
DLR042021,93.54,1000,14:23:12
GGAL042021,118.25,5,14:23:08
GGAL042021,118.2,1,14:23:01
RFX20042021,64950.0,1,14:22:16
RFX20042021,64950.0,1,14:22:16
DLR052021,96.1,100,14:22:08
DLR052021,96.1,100,14:22:05
DLR052021,96.1,100,14:22:05
DLR052021,96.1,100,14:22:05
GGAL042021,118.1,5,14:21:51
GGAL042021,118.05,5,14:21:40
DLR122021,122.2,250,14:21:36
RFX20042021,64950.0,13,14:21:21
RFX20042021,64945.0,5,14:21:19
RFX20042021,64945.0,2,14:20:53
RFX20042021,64945.0,1,14:20:39
RFX20042021,64945.0,1,14:20:39
DLR052021,96.1,1000,14:20:35
RFX20042021,64945.0,1,14:20:31
RFX20042021,64985.0,5,14:20:30
RFX20042021,64950.0,4,14:20:26
RFX20042021,64945.0,4,14:20:16
RFX20042021,64930.0,7,14:20:08
RFX20042021,64930.0,3,14:20:08
RFX20042021,64930.0,2,14:20:07
RFX20042021,64930.0,1,14:20:06
GGAL042021,118.05,1,14:19:57
RFX20042021,64900.0,1,14:19:53
RFX20042021,64915.0,2,14:19:51
RFX20042021,64915.0,1,14:19:51
DLR062021,98.81,1000,14:18:56
DLR112021,116.5,1,14:18:46
DLR062021,98.81,1000,14:18:46
DLR122021,122.2,1000,14:18:45
GGAL042021,118.05,4,14:18:29
DLR062021,98.81,49,14:18:23
GGAL042021,118.05,1,14:18:14
RFX20042021,64900.0,1,14:17:53
RFX20042021,64860.0,4,14:17:53
DLR042021,93.54,100,14:17:50
RFX20042021,64900.0,2,14:17:43
DLR062021,98.81,1000,14:17:17
DLR062021,98.81,1000,14:17:13
GGAL042021,118.0,1,14:17:11
PAMP042021,83.45,1,14:17:08
RFX20042021,64855.0,1,14:17:01
RFX20042021,64855.0,4,14:17:01
RFX20042021,64850.0,1,14:17:01
RFX20042021,64900.0,1,14:17:00
RFX20042021,64900.0,4,14:17:00
RFX20042021,64900.0,2,14:17:00
RFX20042021,64870.0,2,14:17:00
RFX20042021,64870.0,1,14:17:00
RFX20042021,64870.0,4,14:17:00
RFX20042021,64860.0,1,14:17:00
RFX20042021,64860.0,4,14:17:00
PAMP042021,83.45,1,14:16:56
DLR052021,96.1,5000,14:16:10
DLR042021,93.54,5000,14:16:00
RFX20042021,64950.0,9,14:15:56
DLR092021,108.5,100,14:15:24
RFX20042021,64995.0,1,14:15:12
RFX20042021,64950.0,8,14:15:12
RFX20042021,64950.0,1,14:15:06
DLR062021,98.85,60,14:14:25
RFX20042021,64950.0,1,14:14:00
DLR092021,108.45,1000,14:13:58
DLR062021,98.81,1000,14:13:38
DLR122021,122.25,300,14:13:35
DLR062021,98.81,1000,14:13:33
DLR092021,108.48,1000,14:13:31
GGAL042021,118.05,5,14:13:17
GGAL042021,118.0,3,14:13:08
GGAL042021,118.0,10,14:12:39
GGAL042021,118.0,5,14:12:39
GGAL042021,118.05,10,14:12:39
GGAL042021,118.05,2,14:12:39
RFX20042021,64950.0,1,14:12:39
RFX20042021,64925.0,1,14:12:38
GGAL042021,118.2,5,14:12:22
RFX20042021,64955.0,1,14:12:15
RFX20042021,64955.0,4,14:11:46
RFX20042021,64955.0,1,14:11:45
DLR072021,101.7,1000,14:11:35
DLR072021,101.7,1000,14:11:35
DLR062021,98.8,7000,14:11:19
RFX20042021,64955.0,5,14:11:15
DLR062021,98.8,3000,14:11:03
RFX20042021,64975.0,1,14:10:57
RFX20042021,64955.0,4,14:10:57
DLR062021,98.8,10000,14:10:50
GGAL062021,123.9,3,14:10:50
DLR042021,93.54,1000,14:10:49
DLR052021,96.1,1000,14:10:49
DLR122021,122.3,1000,14:10:36
RFX20042021,65000.0,1,14:10:12
RFX20042021,64955.0,2,14:10:07
GGAL042021,118.2,5,14:09:41
RFX20042021,65000.0,1,14:08:52
DLR092021,108.6,1000,14:08:34
GGAL042021,118.25,5,14:08:19
DLR122021,122.3,250,14:08:05
DLR122021,122.3,1000,14:07:45
GGAL042021,118.45,5,14:07:43
GGAL062021,124.05,5,14:07:34
GGAL042021,118.45,5,14:07:34
RFX20042021,64935.0,5,14:07:34
RFX20042021,64940.0,10,14:07:26
DLR072021,101.7,1000,14:07:07
GGAL042021,118.5,18,14:06:53
RFX20042021,65005.0,2,14:06:27
RFX20042021,65005.0,1,14:06:23
RFX20042021,65005.0,2,14:06:19
GGAL042021,118.55,5,14:05:17
GGAL042021,118.5,5,14:05:17
RFX20042021,65065.0,1,14:05:08
RFX20042021,65070.0,5,14:04:12
RFX20042021,65090.0,10,14:04:06
RFX20042021,65130.0,3,14:03:58
PAMP042021,83.2,5,14:03:57
RFX20042021,65125.0,1,14:03:53
PAMP042021,83.2,5,14:03:39
RFX20042021,65130.0,5,14:03:33
GGAL062021,124.2,5,14:03:06
GGAL042021,118.6,2,14:03:03
GGAL042021,118.6,1,14:02:16
GGAL042021,118.6,2,14:02:12
RFX20042021,65100.0,1,14:02:09
GGAL042021,118.65,5,14:02:03
RFX20042021,65065.0,7,14:00:55
RFX20042021,65055.0,5,14:00:51
RFX20042021,65055.0,1,14:00:51
RFX20042021,65100.0,1,14:00:46
RFX20042021,65100.0,5,14:00:45
RFX20042021,65100.0,1,14:00:40
DLR042021,93.54,100,14:00:40
RFX20042021,65140.0,10,14:00:34
RFX20042021,65150.0,10,14:00:32
RFX20042021,65150.0,1,14:00:32
RFX20042021,65170.0,1,14:00:30
DLR072021,101.7,100,14:00:29
RFX20042021,65180.0,1,14:00:28
RFX20042021,65180.0,2,14:00:28
DLR042021,93.54,1000,13:59:48
GGAL042021,118.6,5,13:59:33
DLR042021,93.54,1000,13:59:29
DLR042021,93.54,1000,13:59:26
DLR042021,93.54,1000,13:59:24
DLR042021,93.54,1000,13:59:23
DLR042021,93.54,1000,13:59:20
RFX20042021,65200.0,1,13:59:20
DLR042021,93.54,1000,13:58:35
DLR072021,101.65,91,13:58:30
GGAL062021,124.25,5,13:58:18
GGAL042021,118.5,5,13:58:18
DLR052021,96.09,100,13:57:47
DLR042021,93.53,170,13:57:30
GGAL042021,118.75,5,13:57:23
DLR072021,101.65,9,13:57:03
PAMP042021,84.05,5,13:57:03
RFX20042021,65180.0,5,13:56:54
DLR082021,105.0,300,13:56:52
DLR082021,105.0,1,13:56:52
RFX20042021,65220.0,2,13:56:47
RFX20042021,65215.0,3,13:56:47
PAMP042021,84.05,5,13:56:42
RFX20042021,65220.0,2,13:56:33
DLR062021,98.8,170,13:55:31
DLR092021,108.6,1000,13:55:02
RFX20042021,65250.0,2,13:53:54
GGAL062021,124.5,4,13:53:39
GGAL042021,118.7,4,13:53:18
GGAL062021,124.6,5,13:52:41
GGAL042021,118.7,20,13:52:33
GGAL042021,118.65,1,13:52:23
RFX20042021,65220.0,2,13:51:50
GGAL042021,118.7,5,13:51:49
GGAL062021,124.55,3,13:51:49
DLR092021,108.6,1000,13:51:37
DLR102021,112.5,1000,13:51:32
RFX20042021,65210.0,5,13:51:25
RFX20042021,65230.0,5,13:51:22
RFX20042021,65230.0,2,13:51:13
DLR102021,112.5,1000,13:50:48
DLR102021,112.5,5000,13:50:45
GGAL042021,118.8,5,13:50:40
GGAL042021,119.0,5,13:50:40
GGAL042021,119.0,1,13:50:35
GGAL042021,119.0,8,13:50:35
GGAL042021,119.0,10,13:50:35
GGAL042021,119.0,1,13:50:35
GGAL042021,118.95,1,13:50:32
GGAL042021,118.9,1,13:50:29
GGAL042021,118.9,5,13:50:29
GGAL042021,118.9,5,13:50:29
GGAL042021,118.7,4,13:50:26
ORO052021,1790.0,1,13:50:13
RFX20042021,65205.0,2,13:49:51
GGAL062021,124.5,11,13:49:45
GGAL062021,124.5,5,13:49:42
WTI052021,62.7,2,13:49:37
DLR122021,122.5,1,13:49:29
DLR122021,122.5,49,13:49:29
DLR122021,122.5,200,13:49:29
DLR062021,98.85,9,13:49:28
GGAL062021,124.45,5,13:49:15
DLR102021,112.43,44,13:48:52
DLR102021,112.43,200,13:48:52
GGAL042021,118.75,1,13:48:39
GGAL042021,118.75,10,13:48:39
GGAL042021,118.7,1,13:48:37
GGAL042021,118.7,4,13:48:37
GGAL042021,118.7,3,13:48:37
GGAL042021,118.6,5,13:48:18
YPFD042021,591.95,1,13:48:07
RFX20042021,65235.0,2,13:47:29
RFX20042021,65235.0,9,13:47:29
RFX20042021,65345.0,2,13:47:13
RFX20042021,65300.0,7,13:47:09
RFX20042021,65305.0,5,13:47:07
GGAL042021,118.7,2,13:46:48
GGAL042021,118.7,1,13:46:48
GGAL042021,118.7,1,13:46:48
GGAL042021,118.7,10,13:46:48
RFX20042021,65350.0,5,13:46:38
RFX20042021,65355.0,5,13:46:38
RFX20042021,65355.0,5,13:46:38
DLR042021,93.53,420,13:46:12
DLR042021,93.53,100,13:45:46
DLR042021,93.53,480,13:45:46
DLR042021,93.53,1000,13:45:41
DLR042021,93.53,1000,13:45:41
RFX20042021,65305.0,5,13:45:40
DLR092021,108.5,2000,13:45:32
GGAL042021,118.6,1,13:45:30
GGAL042021,118.6,10,13:45:30
RFX20042021,65300.0,2,13:45:20
RFX20042021,65300.0,2,13:45:20
DLR112021,116.7,25,13:45:01
RFX20042021,65280.0,5,13:44:55
RFX20042021,65285.0,4,13:44:53
RFX20042021,65285.0,1,13:44:50
RFX20042021,65285.0,5,13:44:48
RFX20042021,65290.0,6,13:44:45
RFX20042021,65350.0,2,13:44:35
DLR112021,116.7,175,13:43:50
DLR112021,116.7,75,13:43:50
DLR122021,122.3,250,13:43:49
PAMP042021,84.3,5,13:43:35
GGAL062021,124.3,3,13:42:50
GGAL042021,118.6,4,13:42:20
GGAL042021,118.6,1,13:42:15
GGAL062021,124.45,1,13:42:15
GGAL042021,118.65,5,13:42:11
GGAL042021,118.65,5,13:42:00
GGAL042021,118.6,10,13:41:42
GGAL042021,118.55,5,13:41:37
DLR042021,93.53,1000,13:41:25
DLR042021,93.53,1000,13:41:25
DLR042021,93.53,1000,13:41:25
RFX20042021,65355.0,5,13:41:22
RFX20042021,65365.0,2,13:41:19
RFX20042021,65365.0,2,13:41:11
GGAL062021,124.2,2,13:40:56
RFX20042021,65370.0,5,13:40:52
GGAL042021,118.6,10,13:40:51
RFX20042021,65445.0,1,13:40:49
RFX20042021,65450.0,2,13:40:39
RFX20042021,65490.0,10,13:40:35
RFX20042021,65450.0,3,13:40:30
RFX20042021,65400.0,7,13:40:27
RFX20042021,65400.0,1,13:40:23
RFX20042021,65400.0,5,13:40:23
RFX20042021,65420.0,5,13:40:23
RFX20042021,65260.0,1,13:40:03
RFX20042021,65250.0,5,13:40:03
RFX20042021,65245.0,5,13:40:03
RFX20042021,65230.0,5,13:40:03
RFX20042021,65200.0,2,13:40:03
GGAL062021,124.25,10,13:39:57
RFX20042021,65390.0,9,13:39:51
DLR082021,104.9,1,13:39:48
GGAL062021,124.2,5,13:39:46
RFX20042021,65395.0,8,13:39:42
RFX20042021,65395.0,1,13:39:42
RFX20042021,65395.0,9,13:39:42
RFX20042021,65390.0,3,13:39:42
RFX20042021,65390.0,1,13:39:35
RFX20042021,65390.0,2,13:39:35
RFX20042021,65360.0,12,13:39:34
RFX20042021,65320.0,1,13:39:17
DLR092021,108.5,80,13:39:17
RFX20042021,65295.0,5,13:39:15
GGAL042021,118.3,3,13:38:30
GGAL042021,118.35,10,13:38:30
GGAL042021,118.3,5,13:38:16
GGAL042021,118.2,3,13:38:08
GGAL042021,118.3,2,13:38:08
GGAL042021,118.2,5,13:38:07
GGAL042021,118.2,5,13:37:53
RFX20042021,65245.0,8,13:36:57
RFX20042021,65245.0,5,13:36:57
GGAL042021,118.2,2,13:36:46
GGAL042021,118.1,5,13:36:43
GGAL042021,118.1,10,13:36:43
RFX20042021,65245.0,5,13:36:41
DLR122021,122.3,25,13:36:15
DLR122021,122.3,200,13:36:15
RFX20042021,65200.0,2,13:36:12
RFX20042021,65200.0,9,13:36:05
RFX20042021,65200.0,1,13:36:00
RFX20042021,65205.0,5,13:35:57
RFX20042021,65210.0,4,13:35:55
RFX20042021,65215.0,5,13:35:51
RFX20042021,65215.0,5,13:35:41
RFX20042021,65205.0,5,13:35:37
GGAL042021,118.0,3,13:35:10
RFX20062021,70100.0,2,13:35:08
RFX20042021,65300.0,3,13:35:07
RFX20042021,65300.0,5,13:35:07
RFX20042021,65300.0,6,13:35:07
GGAL042021,118.0,5,13:35:06
GGAL042021,118.0,5,13:35:06
RFX20062021,70050.0,10,13:35:01
RFX20042021,65255.0,5,13:34:58
RFX20042021,65255.0,5,13:34:53
RFX20042021,65300.0,1,13:34:51
DLR092021,108.4,2000,13:34:49
GGAL042021,117.9,5,13:34:44
RFX20042021,65345.0,5,13:34:09
RFX20042021,65350.0,1,13:34:06
RFX20042021,65360.0,1,13:34:02
RFX20042021,65370.0,3,13:33:59
RFX20042021,65350.0,1,13:33:55
RFX20042021,65350.0,1,13:33:53
RFX20042021,65335.0,6,13:33:31
RFX20042021,65365.0,5,13:33:31
RFX20042021,65370.0,20,13:33:31
GGAL042021,118.15,5,13:33:28
RFX20042021,65340.0,3,13:33:23
RFX20042021,65315.0,1,13:33:17
RFX20042021,65320.0,10,13:33:17
GGAL042021,118.0,5,13:33:13
RFX20042021,65315.0,5,13:33:12
RFX20042021,65285.0,1,13:33:09
RFX20042021,65285.0,1,13:33:06
RFX20042021,65290.0,4,13:33:06
RFX20042021,65250.0,1,13:33:00
RFX20042021,65250.0,1,13:33:00
YPFD042021,592.25,1,13:32:32
RFX20042021,65230.0,10,13:32:20
RFX20042021,65160.0,1,13:31:38
YPFD042021,592.85,1,13:31:36
YPFD042021,593.0,2,13:31:31
DLR112021,116.5,25,13:31:26
RFX20042021,65205.0,2,13:30:37
RFX20062021,69900.0,10,13:30:27
RFX20042021,65280.0,8,13:30:26
DLR052021,96.08,180,13:30:26
DLR052021,96.08,17,13:30:26
GGAL062021,123.8,3,13:30:23
RFX20042021,65200.0,1,13:30:22
GGAL062021,123.8,3,13:30:15
GGAL042021,118.3,1,13:30:14
RFX20042021,65230.0,3,13:30:12
RFX20042021,65245.0,4,13:30:11
RFX20042021,65240.0,1,13:30:11
RFX20062021,69800.0,5,13:30:07
RFX20062021,69800.0,1,13:30:07
RFX20062021,69800.0,1,13:30:07
GGAL062021,123.8,2,13:30:06
RFX20042021,65290.0,3,13:30:04
RFX20042021,65245.0,4,13:29:57
RFX20042021,65280.0,7,13:29:44
RFX20042021,65295.0,3,13:29:38
RFX20042021,65290.0,2,13:29:35
RFX20042021,65280.0,2,13:29:33
RFX20042021,65280.0,5,13:29:32
RFX20042021,65280.0,3,13:29:25
RFX20042021,65285.0,7,13:29:19
RFX20042021,65250.0,1,13:29:10
RFX20042021,65250.0,3,13:29:07
RFX20042021,65250.0,1,13:29:03
RFX20042021,65250.0,1,13:29:03
RFX20042021,65250.0,2,13:29:03
RFX20042021,65225.0,19,13:28:59
RFX20042021,65225.0,2,13:28:56
RFX20042021,65225.0,1,13:28:56
RFX20042021,65220.0,6,13:28:53
RFX20042021,65220.0,2,13:28:53
GGAL042021,118.3,10,13:28:45
GGAL042021,118.3,10,13:28:45
RFX20042021,65220.0,1,13:28:40
GGAL042021,118.1,5,13:28:39
RFX20042021,65225.0,2,13:28:37
GGAL042021,118.3,5,13:28:26
YPFD042021,595.0,1,13:28:25
YPFD042021,595.0,3,13:28:25
RFX20042021,65220.0,2,13:28:24
RFX20042021,65220.0,7,13:28:24
RFX20042021,65220.0,8,13:28:22
RFX20042021,65200.0,3,13:28:18
GGAL042021,118.0,5,13:28:07
GGAL042021,118.0,5,13:28:07
RFX20042021,65220.0,1,13:27:51
RFX20042021,65210.0,10,13:27:49
DLR072021,101.6,1000,13:27:49
GGAL042021,117.8,5,13:27:48
RFX20042021,65200.0,3,13:27:47
RFX20042021,65200.0,5,13:27:47
RFX20042021,65155.0,2,13:27:45
GGAL042021,117.75,5,13:27:45
GGAL042021,117.7,5,13:27:38
RFX20042021,65170.0,6,13:27:36
RFX20042021,65175.0,1,13:27:35
RFX20042021,65185.0,1,13:27:33
YPFD042021,594.5,1,13:27:28
YPFD042021,594.75,1,13:27:28
GGAL042021,117.7,6,13:27:18
RFX20042021,65190.0,1,13:27:16
RFX20042021,65190.0,1,13:27:16
DLR122021,122.25,2,13:27:15
RFX20042021,65185.0,1,13:27:10
GGAL042021,117.7,2,13:27:08
GGAL042021,117.7,8,13:27:08
RFX20042021,65150.0,3,13:27:05
RFX20042021,65150.0,5,13:27:01
GGAL042021,117.6,1,13:27:00
GGAL042021,117.6,3,13:27:00
GGAL042021,117.6,5,13:27:00
RFX20042021,65145.0,9,13:26:59
RFX20042021,65095.0,1,13:26:54
GGAL042021,117.6,3,13:26:38
GGAL042021,117.45,4,13:26:38
GGAL042021,117.6,2,13:26:38
GGAL042021,117.45,2,13:26:31
RFX20042021,65075.0,1,13:26:29
RFX20042021,65095.0,1,13:26:29
RFX20042021,65095.0,2,13:26:29
GGAL042021,117.4,2,13:26:26
RFX20042021,65060.0,1,13:26:08
DLR052021,96.08,1000,13:25:55
DLR052021,96.08,1000,13:25:55
DLR052021,96.08,75,13:25:49
DLR052021,96.08,100,13:25:47
YPFD042021,593.0,1,13:25:41
DLR052021,96.07,2,13:25:36
RFX20042021,65045.0,1,13:25:21
RFX20042021,65045.0,1,13:25:21
GGAL042021,117.2,5,13:25:10
DLR042021,93.54,825,13:25:09
RFX20042021,65000.0,5,13:25:06
RFX20042021,64990.0,4,13:25:02
GGAL042021,117.1,5,13:24:49
GGAL042021,117.05,10,13:24:46
DLR062021,98.8,2,13:24:36
PAMP042021,84.55,1,13:23:40
PAMP042021,84.55,5,13:23:40
DLR102021,112.35,5,13:23:21
DLR042021,93.54,1000,13:22:55
DLR052021,96.08,1000,13:22:31
DLR052021,96.08,1000,13:22:20
RFX20042021,64910.0,5,13:22:17
RFX20042021,64915.0,5,13:22:13
RFX20042021,64915.0,1,13:22:13
RFX20042021,64905.0,2,13:22:07
RFX20042021,64915.0,4,13:22:03
RFX20042021,64920.0,5,13:21:48
RFX20042021,64920.0,1,13:21:48
DLR052021,96.08,1000,13:21:22
GGAL042021,116.9,4,13:21:12
DLR052021,96.08,1000,13:21:06
DLR062021,98.8,1000,13:20:46
RFX20042021,65000.0,1,13:20:42
DLR062021,98.79,496,13:20:23
DLR092021,108.4,2,13:20:22
DLR082021,104.9,65,13:20:21
DLR062021,98.8,144,13:20:21
DLR082021,104.9,1000,13:20:20
DLR062021,98.8,2000,13:20:19
DLR062021,98.8,1000,13:20:19
DLR052021,96.08,1000,13:19:37
RFX20042021,65000.0,4,13:18:56
RFX20042021,65050.0,5,13:18:37
DLR052021,96.08,1000,13:18:27
DLR042021,93.53,1000,13:18:12
RFX20042021,64985.0,1,13:18:11
RFX20042021,65060.0,1,13:17:59
RFX20042021,65060.0,4,13:17:59
RFX20042021,65030.0,2,13:17:24
RFX20042021,65015.0,1,13:17:19
RFX20042021,65005.0,5,13:17:17
DLR052021,96.08,1000,13:16:46
DLR052021,96.08,1000,13:15:10
DLR062021,98.81,1000,13:14:50
RFX20042021,64930.0,5,13:14:49
RFX20042021,64925.0,3,13:14:02
DLR052021,96.08,1000,13:13:59
DLR042021,93.54,1000,13:13:56
DLR042021,93.54,1000,13:13:56
RFX20042021,64925.0,5,13:13:44
WTI052021,62.7,5,13:13:27
RFX20042021,64925.0,5,13:13:23
DLR062021,98.85,5000,13:12:56
RFX20042021,64905.0,6,13:12:39
RFX20042021,64950.0,6,13:12:28
DLR092021,108.5,45,13:12:01
RFX20042021,64995.0,2,13:11:58
RFX20042021,64995.0,2,13:11:58
DLR082021,104.9,15,13:11:37
DLR082021,104.9,25,13:11:37
RFX20042021,64950.0,1,13:11:32
RFX20042021,64950.0,4,13:11:32
RFX20042021,64950.0,1,13:11:21
RFX20042021,64950.0,4,13:11:21
DLR062021,98.81,1000,13:09:44
RFX20042021,64940.0,10,13:09:31
RFX20042021,64890.0,1,13:09:11
DLR102021,112.5,5000,13:09:09
DLR102021,112.5,5000,13:08:53
RFX20042021,64865.0,1,13:08:37
DLR092021,108.5,45,13:08:36
DLR092021,108.5,200,13:08:36
RFX20042021,64865.0,3,13:08:33
DLR102021,112.4,1000,13:08:29
DLR102021,112.3,136,13:08:27
DLR082021,104.95,1000,13:08:22
RFX20042021,64880.0,5,13:08:13
GGAL042021,116.7,6,13:08:07
GGAL042021,116.7,5,13:08:07
GGAL042021,116.75,5,13:08:06
RFX20042021,64865.0,1,13:08:02
RFX20042021,64845.0,1,13:07:29
RFX20042021,64845.0,7,13:07:28
RFX20042021,64845.0,3,13:07:25
DLR112021,116.5,54,13:07:19
DLR112021,116.5,500,13:07:19
DLR112021,116.5,275,13:07:19
DLR112021,116.5,100,13:07:19
DLR112021,116.5,350,13:07:19
DLR102021,112.3,1000,13:07:18
RFX20042021,64875.0,2,13:07:05
RFX20042021,64900.0,5,13:07:03
RFX20042021,64900.0,5,13:06:45
GGAL042021,116.7,1,13:06:45
DLR052021,96.09,1000,13:06:43
GGAL042021,116.85,5,13:06:16
DLR042021,93.54,1000,13:06:14
GGAL042021,116.8,4,13:06:13
GGAL042021,116.8,5,13:06:13
RFX20042021,64945.0,4,13:06:03
DLR112021,116.45,100,13:06:02
RFX20042021,64940.0,5,13:05:57
DLR102021,112.2,200,13:05:56
RFX20042021,64930.0,10,13:05:54
RFX20042021,64930.0,10,13:05:50
RFX20042021,64920.0,7,13:05:45
GGAL042021,116.7,3,13:05:33
GGAL042021,116.7,3,13:05:17
RFX20042021,64910.0,1,13:04:55
RFX20042021,64910.0,1,13:04:55
RFX20042021,64900.0,1,13:04:52
RFX20042021,64895.0,2,13:04:50
RFX20042021,64890.0,10,13:04:33
RFX20042021,64870.0,4,13:04:21
DLR052021,96.09,1000,13:04:20
DLR042021,93.54,1000,13:04:20
RFX20042021,64870.0,10,13:04:14
RFX20042021,64835.0,10,13:04:08
RFX20042021,64830.0,10,13:04:06
RFX20042021,64830.0,10,13:04:04
RFX20042021,64810.0,1,13:03:35
RFX20042021,64830.0,10,13:03:26
DLR062021,98.79,4,13:03:23
GGAL042021,116.55,2,13:02:56
DLR042021,93.53,170,13:02:27
DLR042021,93.53,130,13:02:23
DLR052021,96.09,54,13:02:22
GGAL042021,116.55,1,13:02:18
GGAL042021,116.5,1,13:01:06
RFX20042021,64765.0,3,13:01:01
RFX20042021,64765.0,2,13:00:47
DLR092021,108.5,190,13:00:21
DLR092021,108.5,250,13:00:21
DLR092021,108.5,160,13:00:21
GGAL042021,116.55,3,13:00:15
GGAL042021,116.55,1,13:00:13
GGAL042021,116.55,2,13:00:13
RFX20042021,64700.0,6,12:59:55
RFX20042021,64700.0,5,12:59:55
DLR102021,112.15,200,12:59:24
RFX20042021,64730.0,1,12:59:09
DLR122021,121.75,40,12:58:52
DLR092021,108.5,5,12:57:55
RFX20042021,64770.0,4,12:57:53
DLR102021,112.25,40,12:57:34
DLR062021,98.79,1,12:57:30
DLR092021,108.4,200,12:57:28
DLR102021,112.3,1000,12:57:21
DLR082021,104.9,210,12:57:19
DLR102021,112.2,10,12:57:10
DLR062021,98.78,1,12:57:08
DLR062021,98.77,1,12:56:54
DLR102021,112.3,1000,12:56:52
RFX20042021,64750.0,5,12:56:38
DLR062021,98.76,1,12:56:35
RFX20042021,64715.0,1,12:56:11
RFX20042021,64720.0,1,12:56:07
RFX20042021,64725.0,1,12:56:04
RFX20042021,64770.0,1,12:56:03
RFX20042021,64730.0,2,12:56:00
WTI052021,62.56,1,12:55:34
DLR062021,98.76,1,12:55:30
DLR062021,98.8,3000,12:55:25
DLR062021,98.76,1,12:55:11
DLR112021,116.3,300,12:54:58
DLR072021,101.5,400,12:54:41
DLR072021,101.5,100,12:54:39
DLR062021,98.76,1,12:54:24
DLR062021,98.76,1,12:54:06
RFX20042021,64770.0,1,12:53:54
DLR052021,96.09,96,12:52:56
RFX20042021,64740.0,3,12:51:51
DLR052021,96.08,10000,12:51:49
DLR082021,104.9,290,12:51:48
RFX20042021,64750.0,4,12:51:36
RFX20042021,64745.0,10,12:51:36
RFX20042021,64800.0,1,12:51:23
DLR062021,98.77,14,12:50:05
RFX20042021,64800.0,1,12:49:58
DLR062021,98.78,1000,12:49:47
DLR062021,98.78,1000,12:49:47
WTI052021,62.55,2,12:49:32
RFX20042021,64835.0,9,12:49:22
RFX20042021,64835.0,4,12:49:22
DLR102021,112.2,40,12:49:11
DLR062021,98.76,1,12:49:09
DLR062021,98.77,10,12:49:09
DLR102021,112.2,166,12:48:33
WTI052021,62.58,5,12:48:20
RFX20042021,64760.0,4,12:48:01
RFX20042021,64750.0,2,12:47:59
DLR082021,104.89,500,12:47:59
RFX20042021,64745.0,4,12:47:57
RFX20042021,64750.0,5,12:47:57
GGAL042021,116.5,50,12:47:54
RFX20042021,64740.0,1,12:47:53
GGAL042021,116.5,10,12:47:37
GGAL042021,116.5,20,12:47:34
GGAL042021,116.5,20,12:47:29
GGAL042021,116.5,1,12:47:18
RFX20042021,64705.0,3,12:47:12
RFX20042021,64745.0,5,12:46:45
GGAL042021,116.5,100,12:46:33
RFX20042021,64710.0,4,12:46:17
DLR112021,116.3,25,12:46:15
RFX20042021,64710.0,1,12:46:09
YPFD042021,593.0,1,12:45:24
GGAL062021,122.25,4,12:45:23
DLR102021,112.2,175,12:44:57
DLR102021,112.2,40,12:44:57
RFX20042021,64750.0,1,12:44:43
RFX20042021,64750.0,1,12:44:43
RFX20042021,64730.0,1,12:44:36
RFX20042021,64730.0,5,12:44:36
GGAL042021,116.5,3,12:44:16
GGAL042021,116.45,3,12:44:10
GGAL042021,116.5,8,12:43:55
DLR102021,112.2,2,12:43:46
DLR102021,112.1,136,12:43:40
DLR112021,116.2,500,12:43:08
RFX20042021,64650.0,5,12:42:23
RFX20042021,64655.0,4,12:42:14
RFX20042021,64680.0,1,12:42:10
RFX20042021,64655.0,5,12:42:10
DLR102021,112.2,2,12:41:32
GGAL042021,116.5,10,12:41:25
GGAL042021,116.45,2,12:41:25
RFX20042021,64700.0,1,12:40:59
GGAL042021,116.55,1,12:40:36
GGAL042021,116.55,4,12:40:25
RFX20042021,64700.0,1,12:39:59
GGAL042021,116.55,5,12:39:54
RFX20042021,64700.0,2,12:39:53
GGAL042021,116.6,1,12:39:48
DLR062021,98.73,10,12:39:39
DLR092021,108.5,5,12:39:07
DLR082021,104.9,500,12:39:04
RFX20042021,64700.0,2,12:38:51
RFX20042021,64700.0,2,12:38:51
DLR062021,98.74,1000,12:38:31
RFX20042021,64700.0,2,12:37:52
GGAL042021,116.6,4,12:37:48
DLR082021,104.9,70,12:37:23
RFX20042021,64750.0,3,12:37:22
RFX20042021,64715.0,1,12:37:22
RFX20042021,64750.0,7,12:37:21
RFX20042021,64720.0,4,12:37:21
RFX20042021,64720.0,1,12:37:12
DLR082021,104.92,60,12:37:03
GGAL042021,116.6,1,12:36:58
DLR112021,116.3,1,12:36:44
RFX20042021,64720.0,5,12:36:39
RFX20042021,64760.0,5,12:36:31
RFX20042021,64750.0,5,12:36:31
RFX20042021,64750.0,3,12:36:31
RFX20042021,64775.0,1,12:36:28
RFX20042021,64780.0,1,12:36:22
RFX20042021,64790.0,1,12:36:17
RFX20042021,64800.0,1,12:36:13
RFX20042021,64800.0,1,12:36:11
GGAL042021,116.6,6,12:36:11
GGAL042021,116.6,1,12:36:11
RFX20042021,64800.0,1,12:36:06
RFX20042021,64800.0,1,12:35:53
RFX20042021,64780.0,3,12:35:53
RFX20042021,64780.0,19,12:35:53
RFX20042021,64860.0,1,12:35:39
RFX20042021,64800.0,1,12:35:26
DLR082021,104.92,10,12:35:05
RFX20042021,64815.0,1,12:34:23
RFX20042021,64815.0,5,12:34:23
RFX20042021,64820.0,5,12:34:10
RFX20042021,64840.0,1,12:33:00
RFX20042021,64840.0,5,12:33:00
DLR112021,116.3,15,12:32:31
GGAL042021,116.65,10,12:32:22
GGAL042021,116.65,2,12:32:22
RFX20042021,64870.0,4,12:32:21
RFX20042021,64870.0,2,12:32:16
RFX20042021,64870.0,6,12:31:58
RFX20042021,64870.0,1,12:31:44
GGAL042021,116.8,1,12:31:34
DLR112021,116.2,22,12:31:06
DLR082021,104.9,70,12:31:05
GGAL042021,116.65,2,12:31:03
DLR082021,104.9,1000,12:30:07
DLR082021,104.9,150,12:30:06
DLR082021,104.9,150,12:29:47
DLR112021,116.0,43,12:29:05
DLR122021,121.45,500,12:28:07
RFX20042021,64760.0,1,12:27:25
RFX20042021,64760.0,1,12:27:22
GGAL042021,116.6,5,12:27:19
GGAL042021,116.6,5,12:27:19
RFX20042021,64760.0,1,12:26:47
GGAL042021,116.55,1,12:25:49
RFX20042021,64755.0,2,12:25:08
DLR052021,96.08,1000,12:25:06
GGAL042021,116.55,5,12:24:42
RFX20042021,64755.0,1,12:24:42
RFX20042021,64820.0,1,12:24:36
RFX20042021,64815.0,2,12:24:36
RFX20042021,64815.0,6,12:24:36
RFX20042021,64800.0,1,12:24:36
RFX20042021,64850.0,1,12:24:24
RFX20042021,64820.0,1,12:24:24
RFX20042021,64850.0,1,12:24:20
RFX20042021,64850.0,1,12:24:20
YPFD042021,593.25,1,12:24:18
GGAL042021,116.6,1,12:24:11
RFX20042021,64900.0,1,12:24:04
GGAL042021,116.65,4,12:23:22
GGAL042021,116.6,10,12:23:22
GGAL042021,116.65,5,12:23:22
RFX20042021,64900.0,1,12:23:14
RFX20042021,64850.0,1,12:23:07
RFX20042021,64850.0,1,12:22:50
RFX20042021,64855.0,10,12:22:39
RFX20042021,64900.0,1,12:22:33
RFX20042021,64875.0,6,12:22:29
RFX20042021,64920.0,1,12:22:22
RFX20042021,64915.0,5,12:22:22
RFX20042021,64915.0,2,12:22:22
RFX20042021,64910.0,2,12:22:22
RFX20042021,64965.0,2,12:22:20
RFX20042021,64965.0,6,12:22:10
RFX20042021,64940.0,2,12:21:37
RFX20042021,64920.0,2,12:21:24
RFX20042021,64940.0,1,12:20:51
RFX20042021,64990.0,1,12:20:03
GGAL042021,116.75,2,12:19:58
GGAL042021,116.65,2,12:19:57
RFX20042021,64950.0,7,12:19:53
RFX20042021,64955.0,2,12:19:48
RFX20042021,64950.0,8,12:19:48
RFX20042021,64955.0,20,12:19:39
RFX20042021,65000.0,1,12:19:31
RFX20042021,65000.0,1,12:19:26
RFX20042021,64970.0,1,12:19:23
RFX20042021,64970.0,9,12:19:21
RFX20042021,65000.0,1,12:19:20
GGAL062021,122.5,10,12:19:16
GGAL062021,122.5,10,12:19:16
GGAL042021,116.7,5,12:19:13
RFX20042021,64985.0,9,12:19:04
RFX20042021,64985.0,4,12:19:04
RFX20042021,65000.0,1,12:19:03
RFX20042021,65000.0,1,12:19:03
GGAL042021,116.8,10,12:18:52
RFX20042021,65000.0,1,12:18:22
DLR072021,101.5,1,12:18:06
GGAL062021,122.55,5,12:17:51
GGAL042021,116.85,5,12:17:51
RFX20042021,65000.0,10,12:17:46
GGAL042021,117.0,1,12:17:45
RFX20042021,65000.0,2,12:17:05
RFX20042021,65020.0,2,12:16:41
RFX20042021,65040.0,8,12:16:37
RFX20042021,65040.0,10,12:16:35
RFX20042021,65040.0,2,12:16:35
GGAL042021,117.15,5,12:16:35
GGAL042021,117.15,4,12:16:35
RFX20042021,65040.0,8,12:16:33
PAMP042021,84.55,5,12:16:31
RFX20042021,65040.0,5,12:16:26
RFX20042021,65040.0,2,12:16:26
RFX20042021,65040.0,1,12:15:37
RFX20042021,65040.0,2,12:15:34
RFX20042021,65040.0,1,12:15:34
PAMP042021,84.45,5,12:15:29
PAMP042021,84.45,5,12:15:29
YPFD042021,593.75,3,12:15:22
RFX20042021,65040.0,5,12:14:40
RFX20042021,65040.0,1,12:14:38
RFX20042021,65040.0,2,12:14:34
RFX20042021,65040.0,10,12:14:29
RFX20042021,65020.0,1,12:14:29
DLR062021,98.7,30,12:13:32
DLR062021,98.7,200,12:13:20
GGAL042021,117.1,5,12:13:19
DLR052021,96.08,1000,12:13:17
DLR052021,96.08,1000,12:13:17
GGAL042021,117.05,1,12:12:54
GGAL042021,117.05,1,12:12:39
GGAL042021,117.2,4,12:12:38
GGAL042021,117.2,1,12:12:29
GGAL062021,122.85,1,12:12:29
GGAL062021,122.85,4,12:12:28
GGAL062021,122.85,5,12:12:18
DLR042021,93.52,10,12:12:12
DLR052021,96.05,3000,12:11:32
GGAL042021,117.2,5,12:11:20
GGAL062021,123.0,2,12:11:20
GGAL042021,117.3,4,12:10:57
GGAL062021,123.0,1,12:10:43
GGAL042021,117.3,1,12:10:43
DLR052021,96.05,3000,12:10:31
DLR042021,93.52,10,12:10:09
WTI052021,62.55,2,12:10:09
GGAL042021,117.5,1,12:10:06
DLR052021,96.05,4000,12:10:04
RFX20042021,65100.0,1,12:09:45
GGAL042021,117.4,2,12:09:18
GGAL062021,123.15,1,12:08:51
RFX20042021,65100.0,20,12:08:42
GGAL062021,123.15,1,12:08:31
GGAL042021,117.55,1,12:08:30
GGAL042021,117.55,1,12:08:29
GGAL062021,123.15,1,12:08:29
GGAL062021,123.15,1,12:08:28
GGAL042021,117.55,1,12:08:27
GGAL042021,117.55,1,12:08:26
GGAL062021,123.15,1,12:08:26
RFX20042021,65100.0,10,12:08:25
GGAL042021,117.55,1,12:08:24
GGAL062021,123.15,1,12:08:24
GGAL042021,117.55,1,12:08:22
GGAL062021,123.15,1,12:08:22
GGAL062021,123.15,1,12:08:21
GGAL042021,117.55,1,12:08:20
GGAL042021,117.55,1,12:08:19
GGAL062021,123.15,1,12:08:19
RFX20042021,65125.0,1,12:08:19
GGAL042021,117.55,1,12:08:16
GGAL042021,117.55,1,12:08:16
GGAL062021,123.15,1,12:08:16
RFX20042021,65125.0,1,12:08:14
GGAL042021,117.4,5,12:08:00
DLR122021,121.05,500,12:07:48
GGAL042021,117.45,1,12:07:44
GGAL062021,123.15,1,12:07:44
GGAL042021,117.45,1,12:07:41
GGAL042021,117.4,1,12:07:25
GGAL062021,123.0,1,12:07:24
GGAL062021,123.0,1,12:07:23
GGAL042021,117.4,1,12:07:23
RFX20042021,65200.0,1,12:07:14
GGAL042021,117.4,1,12:07:10
GGAL062021,123.0,1,12:07:10
RFX20062021,69800.0,5,12:07:09
RFX20042021,65200.0,1,12:07:05
GGAL042021,117.3,1,12:07:01
GGAL062021,123.0,1,12:07:01
GGAL062021,123.0,5,12:06:56
GGAL042021,117.3,1,12:06:51
GGAL062021,123.0,1,12:06:51
GGAL042021,117.75,5,12:06:29
DLR052021,96.05,10000,12:06:17
RFX20042021,65220.0,7,12:06:14
RFX20042021,65150.0,1,12:06:04
RFX20042021,65200.0,7,12:05:54
GGAL042021,117.8,5,12:05:54
RFX20042021,65125.0,1,12:05:48
RFX20042021,65220.0,1,12:05:40
GGAL042021,117.6,1,12:05:39
RFX20042021,65115.0,5,12:05:36
GGAL042021,117.6,5,12:05:33
GGAL062021,123.15,5,12:05:32
GGAL042021,117.6,5,12:05:30
RFX20042021,65200.0,1,12:05:28
RFX20042021,65220.0,1,12:05:28
GGAL042021,117.5,2,12:05:21
GGAL042021,117.5,5,12:05:21
GGAL042021,117.5,20,12:05:21
GGAL042021,117.5,16,12:05:21
GGAL042021,117.25,3,12:05:21
GGAL042021,117.3,5,12:05:21
GGAL042021,117.4,5,12:05:21
GGAL042021,117.4,10,12:05:21
RFX20042021,65210.0,1,12:05:12
RFX20042021,65210.0,4,12:05:12
RFX20042021,65170.0,1,12:04:52
GGAL042021,117.15,5,12:04:35
GGAL042021,117.2,3,12:04:35
GGAL042021,117.15,5,12:04:31
RFX20042021,65245.0,1,12:04:15
RFX20042021,65240.0,7,12:04:10
RFX20042021,65240.0,2,12:04:10
RFX20042021,65200.0,2,12:04:03
RFX20042021,65200.0,5,12:04:03
DLR072021,101.5,60,12:03:51
GGAL062021,122.9,2,12:03:49
DLR092021,108.57,3000,12:03:39
GGAL042021,117.2,12,12:03:35
GGAL042021,117.15,5,12:03:31
GGAL042021,117.15,5,12:03:31
DLR062021,98.74,15,12:03:31
RFX20042021,65200.0,1,12:03:28
RFX20042021,65195.0,2,12:03:26
GGAL062021,122.8,1,12:03:26
GGAL042021,117.1,1,12:03:26
RFX20042021,65180.0,5,12:03:21
RFX20042021,65140.0,1,12:03:17
GGAL042021,117.0,1,12:03:16
GGAL062021,122.8,1,12:03:16
RFX20042021,65130.0,8,12:03:15
WTI052021,62.68,2,12:03:12
RFX20042021,65110.0,1,12:03:12
RFX20042021,65120.0,2,12:03:12
RFX20042021,65125.0,2,12:03:12
RFX20042021,65130.0,2,12:03:12
GGAL042021,117.1,1,12:03:09
DLR092021,108.58,5000,12:02:42
RFX20042021,65005.0,2,12:02:23
RFX20042021,65085.0,1,12:02:23
RFX20042021,65070.0,9,12:02:21
RFX20042021,65065.0,2,12:02:18
DLR052021,96.07,1000,12:02:06
DLR052021,96.07,1000,12:02:06
YPFD042021,593.75,3,12:02:03
GGAL042021,116.95,1,12:01:32
GGAL042021,117.05,5,12:01:29
GGAL042021,117.05,5,12:01:29
RFX20042021,65045.0,3,12:01:24
DLR062021,98.74,60,12:00:52
DLR062021,98.74,25,12:00:46
DLR062021,98.74,25,11:59:53
DLR062021,98.74,4,11:59:53
GGAL062021,122.4,1,11:59:46
GGAL042021,116.95,1,11:59:46
DLR052021,96.07,50,11:58:44
RFX20042021,65005.0,3,11:58:32
RFX20042021,65005.0,2,11:58:04
DLR052021,96.07,150,11:57:50
RFX20042021,65020.0,1,11:57:48
RFX20042021,65055.0,10,11:57:18
RFX20042021,65055.0,10,11:57:18
RFX20042021,65055.0,10,11:57:18
RFX20042021,65055.0,10,11:57:16
RFX20042021,65060.0,1,11:57:13
RFX20042021,65065.0,3,11:57:09
DLR042021,93.52,2000,11:57:09
GGAL062021,122.9,1,11:57:06
GGAL042021,116.95,1,11:57:06
RFX20042021,65060.0,5,11:57:05
WTI052021,62.75,1,11:57:01
DLR052021,96.05,1000,11:57:00
DLR052021,96.05,3000,11:56:56
DLR052021,96.05,1000,11:56:56
RFX20042021,65060.0,6,11:56:54
RFX20042021,65060.0,1,11:56:54
RFX20042021,65060.0,1,11:56:47
GGAL062021,123.0,24,11:56:47
RFX20042021,65055.0,2,11:56:45
RFX20042021,65055.0,8,11:56:43
RFX20042021,65065.0,4,11:56:38
RFX20042021,65075.0,1,11:56:26
RFX20042021,65085.0,1,11:56:20
GGAL042021,117.05,5,11:56:12
RFX20042021,65130.0,10,11:56:10
RFX20042021,65120.0,1,11:56:09
RFX20042021,65090.0,1,11:56:06
RFX20042021,65090.0,1,11:56:06
RFX20042021,65090.0,2,11:56:06
GGAL042021,117.1,5,11:56:04
RFX20042021,65065.0,1,11:55:57
GGAL042021,117.05,10,11:55:48
RFX20042021,65060.0,2,11:55:47
RFX20042021,65060.0,6,11:55:43
GGAL062021,123.0,2,11:55:40
GGAL042021,117.05,5,11:55:37
RFX20042021,65080.0,1,11:55:36
GGAL062021,123.0,3,11:55:32
RFX20042021,65075.0,1,11:55:28
RFX20042021,65090.0,2,11:55:17
RFX20042021,65110.0,1,11:55:17
RFX20042021,65090.0,1,11:55:15
RFX20042021,65100.0,1,11:55:08
RFX20042021,65100.0,1,11:55:08
DLR102021,112.0,84,11:55:00
GGAL042021,117.0,1,11:54:52
GGAL042021,117.0,1,11:54:50
GGAL042021,117.0,1,11:54:49
GGAL062021,122.8,1,11:54:49
GGAL062021,122.8,12,11:54:49
RFX20042021,65115.0,1,11:54:49
GGAL062021,122.8,1,11:54:47
GGAL042021,117.0,1,11:54:47
GGAL042021,117.0,1,11:54:45
GGAL062021,122.8,1,11:54:45
GGAL042021,117.0,1,11:54:28
GGAL062021,122.8,1,11:54:28
WTI072021,62.0,2,11:54:22
RFX20042021,65140.0,4,11:54:20
RFX20042021,65165.0,1,11:54:19
GGAL062021,122.8,1,11:54:17
GGAL042021,117.0,1,11:54:17
RFX20042021,65180.0,5,11:54:13
RFX20042021,65140.0,5,11:54:10
RFX20042021,65130.0,4,11:54:07
RFX20042021,65125.0,1,11:54:05
RFX20042021,65080.0,1,11:53:51
GGAL042021,117.0,1,11:53:49
RFX20042021,65090.0,3,11:53:40
GGAL062021,122.8,1,11:53:33
GGAL042021,116.9,1,11:53:28
GGAL042021,117.1,1,11:53:22
RFX20042021,65090.0,1,11:53:21
GGAL042021,117.1,1,11:53:20
RFX20042021,65100.0,1,11:53:00
RFX20042021,65120.0,1,11:53:00
GGAL042021,117.0,1,11:52:56
GGAL042021,117.0,9,11:52:56
GGAL042021,117.0,6,11:52:56
GGAL042021,117.0,4,11:52:56
GGAL042021,117.0,6,11:52:56
GGAL042021,117.0,4,11:52:56
GGAL042021,117.0,6,11:52:56
GGAL042021,117.0,4,11:52:56
GGAL042021,117.0,6,11:52:56
GGAL042021,117.0,4,11:52:56
GGAL042021,117.0,6,11:52:56
RFX20042021,65100.0,1,11:52:50
RFX20042021,65130.0,3,11:52:50
GGAL042021,117.0,9,11:52:40
GGAL042021,117.0,10,11:52:40
GGAL042021,117.0,10,11:52:40
RFX20042021,65130.0,1,11:52:38
DLR052021,96.05,50,11:52:35
RFX20042021,65130.0,4,11:52:30
RFX20042021,65140.0,2,11:52:27
GGAL062021,122.8,4,11:52:27
GGAL042021,117.05,4,11:52:27
GGAL042021,117.05,1,11:52:26
RFX20042021,65140.0,3,11:52:23
RFX20042021,65145.0,8,11:52:15
RFX20042021,65130.0,1,11:52:15
RFX20042021,65145.0,5,11:52:14
RFX20042021,65130.0,5,11:52:12
GGAL042021,117.0,10,11:52:11
DLR042021,93.52,14,11:52:11
RFX20042021,65140.0,3,11:52:10
GGAL042021,117.0,5,11:52:07
GGAL042021,116.95,60,11:52:05
RFX20042021,65100.0,3,11:52:05
RFX20042021,65100.0,1,11:52:05
GGAL042021,116.95,5,11:52:03
RFX20042021,65090.0,1,11:52:02
RFX20042021,65080.0,5,11:51:57
RFX20042021,65080.0,5,11:51:57
RFX20042021,65020.0,1,11:51:54
RFX20042021,65045.0,4,11:51:54
GGAL042021,116.8,5,11:51:53
RFX20042021,65040.0,5,11:51:50
RFX20042021,65000.0,9,11:51:48
RFX20042021,65000.0,4,11:51:43
GGAL042021,116.9,5,11:51:41
RFX20042021,64965.0,1,11:51:40
GGAL062021,122.8,5,11:51:36
RFX20042021,65000.0,4,11:51:35
RFX20042021,64980.0,1,11:51:30
DLR052021,96.04,1000,11:51:28
RFX20042021,64925.0,1,11:51:27
YPFD042021,594.5,15,11:51:25
RFX20042021,64950.0,2,11:51:22
RFX20042021,64950.0,1,11:51:22
RFX20042021,64950.0,2,11:51:16
RFX20042021,64950.0,1,11:51:13
RFX20042021,64985.0,1,11:50:56
GGAL042021,116.85,3,11:50:52
RFX20042021,64950.0,5,11:50:47
GGAL042021,116.8,1,11:50:44
DLR052021,96.04,1000,11:50:41
DLR052021,96.04,1000,11:50:41
RFX20042021,65000.0,1,11:50:41
RFX20042021,65000.0,4,11:50:41
RFX20042021,65005.0,7,11:50:40
RFX20042021,65000.0,4,11:50:40
RFX20062021,69500.0,2,11:50:40
RFX20062021,69500.0,1,11:50:40
RFX20042021,65005.0,5,11:50:37
RFX20042021,65005.0,3,11:50:35
RFX20042021,65030.0,1,11:50:28
GGAL062021,122.8,5,11:50:21
GGAL042021,116.85,5,11:50:21
DLR052021,96.04,5000,11:50:14
RFX20042021,65085.0,1,11:50:05
WTI052021,62.67,1,11:50:03
DLR052021,96.04,5000,11:49:56
DLR052021,96.04,5000,11:49:52
RFX20042021,65070.0,5,11:49:45
GGAL042021,116.95,2,11:49:43
RFX20042021,65030.0,1,11:49:41
RFX20042021,65050.0,10,11:49:38
GGAL042021,116.95,3,11:49:33
RFX20042021,65050.0,10,11:49:31
RFX20042021,65040.0,2,11:49:29
RFX20042021,65040.0,3,11:49:27
RFX20042021,65040.0,1,11:49:25
DLR052021,96.05,150,11:49:23
WTI052021,62.65,1,11:49:20
RFX20042021,65050.0,1,11:49:18
RFX20042021,65045.0,10,11:49:09
RFX20042021,65000.0,3,11:49:04
RFX20042021,65000.0,1,11:49:04
RFX20042021,65000.0,5,11:49:04
DLR052021,96.05,400,11:49:02
DLR052021,96.04,3,11:49:02
RFX20042021,64995.0,9,11:49:00
RFX20042021,65000.0,1,11:49:00
RFX20042021,64970.0,3,11:48:54
YPFD042021,592.0,1,11:48:44
DLR052021,96.05,600,11:48:35
RFX20042021,65000.0,2,11:48:34
GGAL042021,117.0,2,11:48:33
RFX20042021,65005.0,1,11:48:29
GGAL042021,116.95,9,11:48:23
RFX20042021,65005.0,10,11:48:22
GGAL062021,123.0,9,11:48:19
GGAL042021,117.0,5,11:48:18
GGAL042021,116.95,4,11:48:13
RFX20042021,65050.0,1,11:48:12
RFX20042021,65055.0,9,11:48:11
RFX20042021,65050.0,1,11:48:11
RFX20042021,65100.0,4,11:48:10
RFX20042021,65050.0,3,11:48:10
GGAL062021,123.0,1,11:48:10
GGAL042021,116.95,1,11:48:10
RFX20042021,65050.0,5,11:48:08
GGAL062021,122.8,10,11:48:07
RFX20042021,65125.0,9,11:48:03
RFX20042021,65050.0,10,11:48:01
RFX20042021,65095.0,2,11:47:59
RFX20042021,65050.0,7,11:47:55
RFX20042021,65000.0,5,11:47:51
RFX20042021,65000.0,2,11:47:51
RFX20042021,65000.0,1,11:47:51
RFX20042021,64995.0,4,11:47:45
RFX20042021,64995.0,4,11:47:42
RFX20042021,64975.0,2,11:47:39
DLR042021,93.52,600,11:47:39
RFX20042021,64960.0,5,11:47:35
RFX20042021,64945.0,5,11:47:32
RFX20042021,64945.0,5,11:47:26
RFX20042021,64875.0,5,11:47:24
RFX20042021,64940.0,6,11:47:21
RFX20042021,64875.0,4,11:47:19
RFX20042021,64935.0,4,11:47:13
RFX20042021,64935.0,6,11:47:08
RFX20042021,64900.0,3,11:47:02
RFX20042021,64915.0,10,11:47:00
RFX20042021,64850.0,5,11:46:58
GGAL042021,116.95,1,11:46:48
GGAL042021,116.85,1,11:46:46
RFX20042021,64850.0,3,11:46:45
RFX20042021,64840.0,1,11:46:43
RFX20042021,64870.0,5,11:46:33
RFX20042021,64865.0,5,11:46:30
RFX20042021,64850.0,1,11:46:30
RFX20042021,64850.0,2,11:46:30
RFX20042021,64840.0,2,11:46:30
RFX20042021,64820.0,3,11:46:18
RFX20042021,64950.0,3,11:46:17
RFX20042021,64950.0,5,11:46:17
RFX20042021,64895.0,10,11:46:11
RFX20042021,64890.0,1,11:46:09
RFX20042021,64850.0,10,11:46:06
RFX20042021,64850.0,1,11:46:04
RFX20042021,64850.0,2,11:46:04
RFX20042021,64850.0,10,11:46:04
RFX20042021,64845.0,1,11:46:02
GGAL042021,116.85,1,11:46:00
GGAL042021,116.85,9,11:46:00
RFX20042021,64820.0,3,11:45:58
RFX20042021,64825.0,1,11:45:58
RFX20042021,64830.0,1,11:45:58
RFX20042021,64845.0,2,11:45:58
DLR052021,96.04,3000,11:45:27
RFX20042021,64805.0,3,11:45:25
GGAL042021,116.8,6,11:45:22
RFX20042021,64800.0,10,11:45:21
GGAL042021,116.75,2,11:45:06
GGAL042021,116.75,1,11:45:06
GGAL042021,116.75,1,11:45:06
RFX20042021,64805.0,1,11:44:55
GGAL042021,116.6,9,11:44:53
DLR052021,96.04,50,11:44:50
RFX20042021,64805.0,2,11:44:40
RFX20042021,64805.0,5,11:44:22
GGAL042021,116.55,1,11:44:21
GGAL062021,122.35,5,11:44:21
GGAL042021,116.55,4,11:44:21
GGAL042021,116.75,8,11:44:16
RFX20042021,64805.0,7,11:44:10
RFX20042021,64805.0,1,11:44:10
RFX20042021,64800.0,5,11:44:10
RFX20042021,64800.0,2,11:44:10
RFX20042021,64845.0,2,11:44:07
RFX20042021,64805.0,2,11:43:58
GGAL042021,116.8,3,11:43:56
GGAL042021,116.75,2,11:43:54
GGAL042021,116.8,7,11:43:54
GGAL042021,116.75,1,11:43:54
RFX20042021,64845.0,5,11:43:53
RFX20042021,64805.0,1,11:43:32
RFX20042021,64805.0,5,11:43:13
DLR042021,93.52,1000,11:43:11
DLR042021,93.52,4000,11:43:11
GGAL042021,116.6,4,11:42:59
GGAL042021,116.6,1,11:42:45
GGAL042021,116.6,4,11:42:45
GGAL062021,122.4,5,11:42:44
RFX20042021,64850.0,3,11:42:18
GGAL042021,116.6,2,11:42:12
GGAL042021,116.6,1,11:42:12
RFX20042021,64850.0,3,11:41:59
RFX20042021,64860.0,1,11:41:59
RFX20042021,64890.0,5,11:41:59
RFX20042021,64895.0,2,11:41:59
RFX20042021,64895.0,13,11:41:59
RFX20042021,64820.0,5,11:41:48
RFX20042021,64820.0,10,11:41:48
RFX20042021,64820.0,7,11:41:48
RFX20042021,64800.0,1,11:41:44
RFX20042021,64790.0,10,11:41:42
RFX20042021,64800.0,10,11:41:38
RFX20042021,64800.0,5,11:41:35
GGAL042021,116.6,1,11:41:30
RFX20042021,64800.0,5,11:41:28
RFX20042021,64815.0,10,11:41:25
RFX20042021,64800.0,1,11:41:20
RFX20042021,64800.0,1,11:41:19
RFX20042021,64800.0,1,11:41:19
RFX20042021,64795.0,2,11:41:14
GGAL042021,116.55,1,11:41:05
GGAL062021,122.5,35,11:41:02
GGAL062021,122.5,25,11:41:02
RFX20042021,64760.0,1,11:40:57
RFX20042021,64795.0,1,11:40:57
RFX20042021,64800.0,10,11:40:57
RFX20042021,64795.0,1,11:40:53
RFX20042021,64800.0,9,11:40:53
RFX20042021,64810.0,10,11:40:48
RFX20042021,64765.0,2,11:40:46
RFX20042021,64800.0,2,11:40:46
RFX20042021,64800.0,5,11:40:34
RFX20042021,64800.0,5,11:40:34
RFX20042021,64755.0,5,11:40:30
RFX20042021,64750.0,2,11:40:30
RFX20042021,64800.0,7,11:40:26
RFX20042021,64800.0,2,11:40:24
RFX20042021,64800.0,13,11:40:24
WTI052021,62.6,1,11:40:23
RFX20042021,64800.0,2,11:40:17
RFX20042021,64800.0,1,11:40:17
RFX20042021,64800.0,5,11:40:17
RFX20042021,64800.0,5,11:40:17
RFX20062021,68900.0,1,11:40:13
RFX20062021,68900.0,2,11:40:13
RFX20042021,64800.0,5,11:40:02
RFX20042021,64800.0,24,11:39:48
RFX20042021,64800.0,6,11:39:44
RFX20042021,64800.0,5,11:39:32
RFX20042021,64800.0,2,11:39:32
RFX20042021,64795.0,2,11:39:24
RFX20042021,64790.0,6,11:39:20
RFX20042021,64790.0,5,11:39:18
RFX20042021,64790.0,1,11:39:18
RFX20042021,64785.0,5,11:39:16
RFX20042021,64740.0,2,11:39:14
RFX20042021,64740.0,5,11:39:14
RFX20042021,64735.0,3,11:39:12
RFX20042021,64735.0,5,11:39:12
RFX20042021,64720.0,2,11:39:10
RFX20042021,64720.0,1,11:39:10
RFX20042021,64705.0,5,11:39:06
GGAL042021,116.4,2,11:38:28
RFX20042021,64690.0,5,11:38:19
GGAL042021,116.4,3,11:38:10
RFX20042021,64685.0,10,11:38:02
RFX20042021,64700.0,1,11:37:55
RFX20042021,64700.0,1,11:37:49
GGAL042021,116.45,1,11:37:49
RFX20042021,64720.0,2,11:37:42
RFX20042021,64720.0,4,11:37:32
GGAL042021,116.5,6,11:37:29
RFX20042021,64715.0,5,11:37:27
RFX20042021,64715.0,2,11:37:27
GGAL062021,122.35,5,11:37:21
GGAL042021,116.5,5,11:37:17
WTI052021,62.6,1,11:37:16
GGAL042021,116.35,5,11:37:14
GGAL042021,116.45,4,11:37:14
GGAL062021,122.0,10,11:37:12
RFX20042021,64680.0,2,11:36:52
GGAL062021,121.75,5,11:36:48
GGAL042021,116.15,5,11:36:48
GGAL042021,116.35,5,11:36:48
RFX20042021,64710.0,4,11:36:47
GGAL042021,116.3,4,11:36:37
GGAL062021,121.75,4,11:36:37
GGAL042021,116.3,1,11:36:29
GGAL062021,121.75,1,11:36:28
RFX20042021,64720.0,6,11:36:22
RFX20042021,64720.0,10,11:36:21
RFX20042021,64715.0,1,11:36:19
RFX20042021,64700.0,1,11:36:18
RFX20042021,64700.0,4,11:36:17
RFX20042021,64700.0,2,11:36:16
RFX20042021,64700.0,1,11:36:16
RFX20042021,64700.0,3,11:36:16
RFX20042021,64700.0,2,11:36:08
GGAL062021,121.75,6,11:36:05
RFX20062021,68900.0,1,11:36:01
GGAL042021,116.2,6,11:35:58
RFX20042021,64675.0,1,11:35:54
RFX20042021,64700.0,1,11:35:53
WTI052021,62.6,1,11:35:50
RFX20042021,64675.0,3,11:35:44
RFX20042021,64675.0,5,11:35:40
RFX20042021,64720.0,1,11:35:34
GGAL042021,116.45,6,11:35:12
RFX20042021,64750.0,1,11:35:06
GGAL042021,116.45,2,11:35:03
RFX20042021,64725.0,5,11:34:59
GGAL042021,116.45,1,11:34:58
RFX20042021,64730.0,5,11:34:54
RFX20042021,64740.0,10,11:34:47
RFX20042021,64730.0,20,11:34:41
GGAL042021,116.3,4,11:34:41
RFX20042021,64695.0,4,11:34:38
GGAL042021,116.35,1,11:34:37
GGAL042021,116.35,5,11:34:37
RFX20042021,64690.0,5,11:34:35
RFX20042021,64690.0,5,11:34:35
RFX20042021,64690.0,4,11:34:35
RFX20042021,64660.0,2,11:34:33
RFX20042021,64650.0,10,11:34:21
RFX20042021,64650.0,18,11:34:16
RFX20042021,64650.0,5,11:34:11
RFX20042021,64690.0,4,11:33:46
GGAL042021,116.4,6,11:33:42
RFX20042021,64650.0,1,11:33:40
GGAL042021,116.5,2,11:33:28
RFX20042021,64630.0,4,11:33:20
RFX20042021,64635.0,5,11:33:20
RFX20042021,64635.0,11,11:33:20
RFX20042021,64645.0,5,11:33:20
RFX20042021,64650.0,1,11:33:20
RFX20042021,64650.0,100,11:33:20
RFX20042021,64625.0,5,11:33:17
RFX20042021,64600.0,4,11:33:16
RFX20042021,64600.0,3,11:33:06
RFX20042021,64645.0,4,11:33:01
GGAL042021,116.2,3,11:32:59
GGAL042021,116.2,1,11:32:59
GGAL042021,116.2,1,11:32:59
GGAL042021,116.15,5,11:32:55
GGAL042021,116.2,7,11:32:55
RFX20042021,64600.0,11,11:32:54
RFX20042021,64595.0,4,11:32:52
RFX20042021,64600.0,6,11:32:52
GGAL042021,116.15,10,11:32:50
GGAL042021,116.15,1,11:32:50
GGAL042021,116.05,1,11:32:47
RFX20042021,64580.0,3,11:32:46
GGAL042021,116.0,5,11:32:45
DLR052021,96.04,1000,11:32:27
DLR052021,96.04,1000,11:32:16
GGAL042021,116.05,11,11:32:13
GGAL042021,116.1,5,11:32:10
GGAL042021,116.1,2,11:32:10
DLR052021,96.04,1000,11:32:00
DLR052021,96.04,1000,11:32:00
GGAL042021,116.0,10,11:31:59
GGAL042021,116.0,10,11:31:59
GGAL042021,116.0,5,11:31:59
GGAL042021,116.0,3,11:31:59
GGAL042021,115.9,10,11:31:57
GGAL042021,115.8,1,11:31:54
GGAL042021,115.85,4,11:31:54
GGAL062021,121.7,5,11:31:48
GGAL062021,121.7,5,11:31:48
GGAL042021,115.75,1,11:31:46
RFX20042021,64560.0,1,11:31:45
GGAL042021,115.75,10,11:31:40
GGAL042021,115.7,1,11:31:38
RFX20042021,64530.0,10,11:31:28
RFX20042021,64525.0,4,11:31:25
RFX20042021,64505.0,1,11:31:23
GGAL042021,115.7,10,11:31:11
RFX20042021,64510.0,10,11:30:58
DLR052021,96.04,1000,11:30:55
RFX20042021,64520.0,1,11:30:45
RFX20042021,64510.0,5,11:30:44
RFX20042021,64500.0,4,11:30:42
GGAL042021,115.55,15,11:30:36
RFX20042021,64495.0,6,11:30:35
RFX20042021,64500.0,1,11:30:35
GGAL042021,115.6,15,11:30:29
RFX20042021,64475.0,2,11:30:20
RFX20042021,64475.0,1,11:30:15
RFX20042021,64470.0,4,11:30:05
RFX20042021,64460.0,4,11:30:00
RFX20042021,64470.0,2,11:29:58
RFX20042021,64500.0,5,11:29:53
RFX20042021,64490.0,4,11:29:52
GGAL042021,115.7,10,11:29:50
DLR052021,96.04,1000,11:29:48
GGAL042021,115.7,10,11:29:03
DLR052021,96.05,10000,11:28:53
DLR052021,96.05,5000,11:28:51
DLR052021,96.04,1000,11:28:45
DLR052021,96.04,1000,11:28:43
DLR052021,96.04,1000,11:28:42
DLR052021,96.04,1000,11:28:40
DLR052021,96.04,1000,11:28:39
RFX20042021,64500.0,5,11:28:33
RFX20042021,64500.0,1,11:28:33
RFX20042021,64500.0,5,11:28:33
RFX20042021,64430.0,3,11:28:09
RFX20042021,64460.0,5,11:27:46
RFX20042021,64465.0,4,11:27:39
RFX20042021,64465.0,1,11:27:31
RFX20042021,64470.0,4,11:27:29
GGAL042021,115.65,1,11:26:58
GGAL042021,115.5,10,11:26:40
RFX20042021,64510.0,5,11:26:33
RFX20042021,64505.0,4,11:26:29
RFX20042021,64505.0,1,11:25:59
RFX20042021,64500.0,5,11:25:57
RFX20042021,64500.0,1,11:25:57
GGAL042021,115.5,10,11:25:47
RFX20042021,64460.0,1,11:25:42
RFX20042021,64505.0,5,11:25:26
RFX20042021,64500.0,2,11:25:22
RFX20042021,64500.0,10,11:25:22
RFX20042021,64500.0,5,11:25:09
RFX20042021,64500.0,5,11:25:09
RFX20042021,64500.0,1,11:25:09
RFX20042021,64490.0,10,11:25:04
RFX20042021,64480.0,1,11:25:02
RFX20042021,64485.0,10,11:24:53
RFX20042021,64490.0,10,11:24:53
RFX20042021,64435.0,5,11:24:48
RFX20042021,64490.0,10,11:24:47
RFX20042021,64490.0,10,11:24:45
RFX20042021,64440.0,1,11:24:45
RFX20042021,64440.0,1,11:24:45
RFX20042021,64490.0,10,11:24:43
RFX20042021,64490.0,10,11:24:41
RFX20042021,64490.0,10,11:24:39
RFX20042021,64485.0,3,11:24:36
RFX20042021,64460.0,2,11:24:24
DLR102021,111.87,2000,11:23:55
RFX20042021,64465.0,4,11:23:19
RFX20042021,64465.0,4,11:23:07
RFX20042021,64405.0,5,11:22:57
RFX20042021,64460.0,10,11:22:50
GGAL042021,115.8,1,11:22:48
GGAL042021,115.8,4,11:22:48
RFX20042021,64405.0,5,11:22:34
RFX20042021,64405.0,5,11:22:23
RFX20042021,64400.0,10,11:22:23
GGAL042021,115.75,9,11:22:23
GGAL042021,115.8,9,11:22:21
GGAL042021,115.75,1,11:22:10
DLR082021,104.52,3000,11:22:09
GGAL042021,115.75,1,11:22:05
GGAL042021,115.75,9,11:22:05
RFX20042021,64380.0,2,11:22:02
RFX20042021,64450.0,1,11:21:47
RFX20042021,64470.0,10,11:21:44
RFX20042021,64470.0,10,11:21:42
DLR052021,96.05,3000,11:21:40
RFX20042021,64490.0,1,11:20:28
RFX20062021,68800.0,2,11:20:27
RFX20042021,64485.0,1,11:20:24
RFX20042021,64485.0,10,11:20:24
RFX20062021,68800.0,2,11:20:10
RFX20042021,64455.0,1,11:20:09
RFX20042021,64455.0,4,11:20:05
RFX20042021,64455.0,1,11:20:01
GGAL042021,115.5,8,11:19:23
RFX20042021,64450.0,4,11:19:13
RFX20042021,64455.0,4,11:19:11
RFX20042021,64465.0,1,11:19:09
GGAL042021,115.5,9,11:19:05
GGAL042021,115.6,7,11:19:01
RFX20042021,64460.0,1,11:18:47
GGAL042021,115.6,13,11:18:33
GGAL042021,115.6,2,11:18:31
RFX20042021,64450.0,3,11:18:31
RFX20042021,64450.0,4,11:18:30
GGAL042021,115.5,2,11:18:30
RFX20042021,64430.0,3,11:17:44
RFX20042021,64500.0,1,11:17:25
RFX20042021,64500.0,3,11:17:25
RFX20042021,64500.0,1,11:17:25
RFX20042021,64500.0,5,11:17:25
RFX20042021,64500.0,1,11:17:25
RFX20042021,64500.0,1,11:17:25
RFX20042021,64495.0,5,11:17:23
RFX20042021,64450.0,5,11:17:21
RFX20042021,64415.0,1,11:17:14
RFX20042021,64415.0,1,11:17:14
GGAL042021,115.5,1,11:16:41
WTI052021,62.52,1,11:16:34
RFX20042021,64410.0,1,11:16:27
GGAL042021,115.75,10,11:15:49
GGAL042021,115.7,1,11:15:36
RFX20042021,64450.0,20,11:15:25
GGAL042021,115.75,10,11:14:55
GGAL042021,115.8,5,11:14:55
RFX20042021,64495.0,5,11:14:43
RFX20042021,64490.0,10,11:14:38
GGAL042021,115.85,1,11:14:38
RFX20042021,64485.0,5,11:14:35
GGAL042021,115.75,1,11:14:12
RFX20042021,64435.0,5,11:13:37
RFX20042021,64435.0,5,11:13:25
RFX20042021,64430.0,1,11:13:20
RFX20042021,64430.0,5,11:13:20
RFX20042021,64430.0,5,11:13:20
GGAL062021,121.5,5,11:13:08
GGAL062021,121.5,33,11:13:08
GGAL042021,115.7,4,11:13:01
RFX20042021,64500.0,2,11:12:39
RFX20042021,64500.0,1,11:12:39
RFX20042021,64500.0,1,11:12:39
RFX20042021,64490.0,5,11:12:33
RFX20042021,64485.0,5,11:12:30
RFX20062021,68500.0,5,11:12:11
GGAL042021,115.7,1,11:12:07
GGAL042021,115.65,1,11:12:05
GGAL042021,115.45,5,11:11:40
RFX20042021,64500.0,2,11:11:33
RFX20042021,64500.0,2,11:11:33
RFX20042021,64500.0,5,11:11:33
RFX20042021,64500.0,1,11:11:33
RFX20042021,64495.0,3,11:11:30
RFX20042021,64495.0,1,11:11:30
RFX20042021,64490.0,3,11:11:28
RFX20042021,64490.0,1,11:11:13
RFX20042021,64490.0,2,11:11:13
RFX20042021,64485.0,5,11:11:05
RFX20042021,64490.0,5,11:11:05
RFX20042021,64500.0,1,11:11:05
RFX20042021,64490.0,5,11:11:01
RFX20042021,64495.0,10,11:10:58
RFX20042021,64480.0,5,11:10:56
RFX20042021,64480.0,1,11:10:54
GGAL042021,115.45,1,11:10:49
RFX20042021,64400.0,1,11:10:46
GGAL042021,115.55,4,11:10:41
GGAL042021,115.55,16,11:10:37
GGAL042021,115.6,5,11:10:20
GGAL042021,115.6,4,11:10:06
GGAL042021,115.6,1,11:09:35
GGAL042021,115.6,1,11:09:32
GGAL042021,115.6,1,11:09:32
GGAL042021,115.6,1,11:09:32
GGAL042021,115.6,1,11:09:32
GGAL042021,115.6,1,11:09:32
GGAL042021,115.55,5,11:09:30
RFX20042021,64565.0,10,11:09:27
RFX20042021,64500.0,30,11:09:21
RFX20042021,64500.0,1,11:09:21
RFX20042021,64500.0,1,11:09:21
RFX20042021,64450.0,5,11:09:19
RFX20042021,64435.0,2,11:09:15
RFX20042021,64445.0,5,11:09:11
RFX20042021,64395.0,5,11:09:09
RFX20042021,64390.0,1,11:09:07
RFX20042021,64375.0,10,11:09:05
GGAL042021,115.5,4,11:08:55
GGAL042021,115.5,20,11:08:54
RFX20042021,64400.0,1,11:08:30
RFX20042021,64400.0,1,11:08:30
RFX20042021,64400.0,2,11:08:30
RFX20042021,64380.0,5,11:08:28
RFX20042021,64375.0,5,11:08:25
RFX20042021,64330.0,1,11:08:18
RFX20042021,64300.0,1,11:07:55
RFX20042021,64300.0,22,11:07:55
RFX20042021,64300.0,2,11:07:55
RFX20042021,64295.0,5,11:07:54
RFX20042021,64295.0,1,11:07:54
RFX20042021,64290.0,1,11:07:53
RFX20042021,64290.0,1,11:07:53
GGAL042021,115.5,1,11:07:51
GGAL042021,115.5,6,11:07:48
GGAL042021,115.5,4,11:07:43
GGAL042021,115.4,10,11:07:29
GGAL042021,115.65,1,11:07:02
RFX20042021,64255.0,1,11:06:46
GGAL042021,115.6,2,11:06:27
GGAL042021,115.6,1,11:06:27
RFX20042021,64215.0,1,11:05:50
RFX20042021,64250.0,1,11:05:23
RFX20042021,64290.0,6,11:04:54
RFX20042021,64280.0,5,11:04:48
RFX20042021,64250.0,1,11:04:17
RFX20042021,64270.0,1,11:03:58
RFX20042021,64260.0,1,11:03:56
RFX20042021,64240.0,2,11:03:52
GGAL042021,115.5,10,11:03:46
RFX20042021,64210.0,1,11:03:44
RFX20042021,64205.0,1,11:03:38
RFX20042021,64255.0,6,11:03:36
RFX20042021,64220.0,1,11:03:18
RFX20042021,64245.0,5,11:03:13
RFX20042021,64250.0,5,11:03:13
RFX20042021,64250.0,1,11:03:13
RFX20042021,64250.0,3,11:03:13
RFX20042021,64285.0,5,11:03:13
RFX20042021,64290.0,1,11:03:13
RFX20042021,64215.0,1,11:03:03
RFX20042021,64200.0,1,11:02:40
RFX20042021,64155.0,1,11:02:35
GGAL042021,115.3,1,11:01:50
GGAL042021,115.3,1,11:01:50
RFX20042021,64200.0,1,11:01:02
GGAL042021,115.25,5,11:00:30
GGAL042021,115.1,2,11:00:21
RFX20042021,64200.0,1,11:00:16
RFX20042021,64200.0,1,10:59:55
RFX20042021,64200.0,4,10:59:55
GGAL042021,115.0,2,10:59:54
GGAL042021,115.0,1,10:59:54
GGAL042021,115.0,1,10:59:54
GGAL042021,115.0,15,10:59:41
GGAL042021,115.0,4,10:59:41
GGAL042021,115.0,1,10:59:41
RFX20042021,64200.0,2,10:59:37
RFX20042021,64230.0,3,10:58:43
RFX20042021,64230.0,1,10:58:43
RFX20042021,64200.0,3,10:58:39
RFX20042021,64180.0,16,10:57:27
GGAL042021,114.5,1,10:57:03
RFX20042021,64200.0,1,10:57:02
RFX20042021,64200.0,2,10:57:02
RFX20042021,64200.0,1,10:57:02
RFX20042021,64195.0,5,10:56:59
GGAL042021,114.65,1,10:56:59
RFX20042021,64160.0,4,10:56:55
GGAL042021,114.7,1,10:56:35
RFX20042021,64110.0,3,10:56:14
RFX20042021,64180.0,5,10:54:41
GGAL042021,114.95,1,10:54:32
GGAL042021,114.95,1,10:54:32
RFX20042021,64190.0,10,10:54:24
GGAL042021,114.6,1,10:53:52
RFX20042021,64185.0,4,10:53:33
RFX20042021,64185.0,1,10:53:28
GGAL042021,114.85,1,10:52:31
WTI052021,62.89,1,10:52:26
RFX20042021,63970.0,1,10:51:57
RFX20042021,64150.0,3,10:51:56
GGAL042021,114.8,2,10:51:55
GGAL042021,114.8,5,10:51:55
RFX20042021,64150.0,1,10:51:49
RFX20042021,64150.0,1,10:51:49
RFX20042021,64150.0,2,10:51:49
RFX20042021,64095.0,1,10:51:39
RFX20042021,64000.0,2,10:51:26
RFX20042021,64050.0,1,10:51:26
GGAL042021,114.8,1,10:49:14
GGAL062021,121.0,5,10:48:48
GGAL042021,114.8,5,10:48:38
RFX20042021,64050.0,2,10:48:30
RFX20042021,64020.0,5,10:48:29
GGAL042021,114.8,1,10:48:28
RFX20042021,64015.0,5,10:48:26
GGAL042021,114.8,1,10:48:05
WTI052021,62.76,1,10:47:39
RFX20042021,63910.0,1,10:44:35
RFX20042021,64010.0,1,10:44:16
RFX20042021,63900.0,2,10:43:01
GGAL042021,114.4,10,10:42:14
RFX20042021,63850.0,1,10:42:05
RFX20042021,63900.0,14,10:41:07
RFX20042021,64000.0,1,10:40:48
RFX20042021,64000.0,5,10:40:11
GGAL042021,114.7,10,10:40:09
RFX20042021,64000.0,5,10:40:01
GGAL042021,114.65,10,10:40:00
RFX20042021,63995.0,1,10:39:59
GGAL042021,114.5,5,10:39:34
GGAL042021,114.65,1,10:39:23
GGAL042021,114.65,1,10:39:23
RFX20042021,64000.0,1,10:39:22
WTI052021,62.7,5,10:38:54
RFX20042021,64040.0,2,10:37:37
RFX20042021,64045.0,1,10:37:37
RFX20042021,64045.0,2,10:37:37
RFX20042021,64045.0,1,10:36:35
GGAL042021,114.6,5,10:36:28
GGAL042021,114.6,2,10:36:28
RFX20042021,64000.0,1,10:36:14
WTI052021,62.63,1,10:35:51
GGAL042021,114.5,7,10:35:09
RFX20042021,64000.0,5,10:34:06
RFX20042021,64000.0,10,10:34:06
RFX20042021,64000.0,2,10:34:06
RFX20042021,63995.0,3,10:34:03
RFX20042021,63990.0,5,10:33:57
RFX20042021,63950.0,1,10:33:50
RFX20042021,63950.0,3,10:33:50
RFX20042021,63950.0,1,10:33:03
RFX20042021,63950.0,1,10:32:45
RFX20042021,63935.0,1,10:32:34
RFX20042021,63940.0,3,10:32:34
RFX20042021,63950.0,1,10:32:34
RFX20042021,63900.0,1,10:32:23
RFX20042021,63900.0,1,10:32:23
RFX20042021,63900.0,1,10:32:23
RFX20042021,63900.0,1,10:32:17
RFX20042021,63900.0,1,10:31:42
RFX20042021,63890.0,2,10:31:24
RFX20042021,63890.0,1,10:31:24
RFX20042021,63890.0,1,10:30:53
RFX20042021,63890.0,1,10:30:38
RFX20042021,63830.0,1,10:26:45
RFX20042021,63890.0,1,10:26:43
WTI052021,62.69,1,10:24:46
WTI052021,62.71,1,10:24:27
RFX20042021,63800.0,2,10:23:59
RFX20042021,63800.0,3,10:23:53
RFX20042021,63890.0,2,10:23:18
WTI052021,62.59,1,10:22:04
RFX20042021,63890.0,2,10:21:59
RFX20042021,63800.0,2,10:21:08
WTI052021,62.58,3,10:20:01
WTI052021,62.5,4,10:13:41
WTI052021,62.6,3,10:05:57
WTI052021,62.6,2,10:05:42
