id,server_ts,account,side,price,order_type,time_in_force,symbol,size
3682981,1495118841941,100,0,17.7000000,0,0,DODic17,50.0000000
3682982,1495118842391,10,1,17.7000000,0,0,DODic17,50.0000000
3683140,1495118961501,100,0,17.7000000,0,0,DODic17,50.0000000
3683141,1495118961923,10,1,18.2500000,0,0,DODic17,250.0000000
3683400,1495119139501,100,0,17.7000000,0,0,DODic17,50.0000000
3683401,1495119139936,10,1,18.0000000,0,0,DODic17,100.0000000
3683514,1495119205266,100,0,17.6600000,0,0,DODic17,14.0000000
3683515,1495119205672,10,1,17.8900000,0,0,DODic17,50.0000000
3683603,1495119261322,100,0,17.7500000,0,0,DODic17,50.0000000
3683604,1495119261719,10,1,17.8900000,0,0,DODic17,50.0000000
3683782,1495119381281,100,0,17.8000000,0,0,DODic17,50.0000000
3683783,1495119381698,10,1,17.8900000,0,0,DODic17,50.0000000
3684498,1495119861514,100,0,17.8000000,0,0,DODic17,50.0000000
3684499,1495119861958,10,1,17.8900000,0,0,DODic17,1000.0000000
3684552,1495119975920,100,0,17.8000000,0,0,DODic17,50.0000000
3684553,1495119976397,10,1,17.8800000,0,0,DODic17,50.0000000
3684601,1495120094549,100,0,17.8000000,0,0,DODic17,50.0000000
3684602,1495120095116,10,1,17.8800000,0,0,DODic17,500.0000000
3684627,1495120157824,100,0,17.8000000,0,0,DODic17,50.0000000
3684628,1495120158265,10,1,17.8800000,0,0,DODic17,1000.0000000
3684874,1495120524069,100,0,17.8000000,0,0,DODic17,50.0000000
3684875,1495120524638,10,1,17.8500000,0,0,DODic17,478.0000000
3684923,1495120646092,100,0,17.8000000,0,0,DODic17,50.0000000
3684924,1495120646621,10,1,17.8800000,0,0,DODic17,1000.0000000
3684945,1495120699462,100,0,17.8000000,0,0,DODic17,50.0000000
3684946,1495120701109,10,1,17.8800000,0,0,DODic17,1000.0000000
3684969,1495120760727,100,0,17.8000000,0,0,DODic17,50.0000000
3684970,1495120761393,10,1,17.9500000,0,0,DODic17,50.0000000
3684991,1495120820024,100,0,17.8500000,0,0,DODic17,500.0000000
3684992,1495120820526,10,1,17.9500000,0,0,DODic17,50.0000000
3690853,1499433729321,10,1,18.7100000,0,0,DODic17,100.0000000
3690941,1499434569548,100,0,18.4000000,0,0,DODic17,150.0000000
3690942,1499434569976,10,1,18.7100000,0,0,DODic17,100.0000000
3690954,1499434629359,100,0,18.4000000,0,0,DODic17,160.0000000
3690955,1499434629780,10,1,18.7100000,0,0,DODic17,100.0000000
3691016,1499434871721,100,0,18.4000000,0,0,DODic17,160.0000000
3691017,1499434872109,10,1,18.6500000,0,0,DODic17,60.0000000
3691060,1499434992584,100,0,18.4150000,0,0,DODic17,200.0000000
3691061,1499434993012,10,1,18.6380000,0,0,DODic17,40.0000000
3691082,1499435051682,100,0,18.4150000,0,0,DODic17,200.0000000
3691083,1499435052066,10,1,18.5990000,0,0,DODic17,110.0000000
3691106,1499435112078,100,0,18.4270000,0,0,DODic17,200.0000000
3691107,1499435112478,10,1,18.5960000,0,0,DODic17,50.0000000
3691145,1499435292739,100,0,18.4270000,0,0,DODic17,200.0000000
3691146,1499435293127,10,1,18.5720000,0,0,DODic17,200.0000000
3691150,1499435332334,100,0,18.4310000,0,0,DODic17,200.0000000
3691151,1499435332738,10,1,18.5960000,0,0,DODic17,50.0000000
3691170,1499435351942,100,0,18.4260000,0,0,DODic17,222.0000000
3691171,1499435352352,10,1,18.5630000,0,0,DODic17,100.0000000
3691184,1499435411885,100,0,18.4350000,0,0,DODic17,200.0000000
3691185,1499435412346,10,1,18.5710000,0,0,DODic17,80.0000000
3691198,1499435471738,100,0,18.4350000,0,0,DODic17,200.0000000
3691199,1499435472152,10,1,18.5710000,0,0,DODic17,80.0000000
3691214,1499435532187,100,0,18.4370000,0,0,DODic17,200.0000000
3691215,1499435532622,10,1,18.5710000,0,0,DODic17,80.0000000
3691226,1499435591400,100,0,18.5200000,0,0,DODic17,50.0000000
3691227,1499435591811,10,1,18.5710000,0,0,DODic17,80.0000000
3691236,1499435649462,100,0,18.5200000,0,0,DODic17,50.0000000
3691237,1499435649911,10,1,18.5710000,0,0,DODic17,80.0000000
3691321,1499436012582,100,0,18.5200000,0,0,DODic17,50.0000000
3691322,1499436012988,10,1,18.6500000,0,0,DODic17,80.0000000
3691352,1499436131407,100,0,18.5200000,0,0,DODic17,50.0000000
3691353,1499436131831,10,1,18.6350000,0,0,DODic17,80.0000000
3691366,1499436171870,100,0,18.5200000,0,0,DODic17,50.0000000
3691367,1499436172254,10,1,18.6490000,0,0,DODic17,35.0000000
3691417,1499436314014,100,0,18.5200000,0,0,DODic17,50.0000000
3691418,1499436314410,10,1,18.6500000,0,0,DODic17,250.0000000
3691432,1499436352090,100,0,18.5200000,0,0,DODic17,50.0000000
3691433,1499436352524,10,1,18.6530000,0,0,DODic17,178.0000000
3691446,1499436368379,100,0,18.5200000,0,0,DODic17,50.0000000
3691447,1499436368770,10,1,18.6500000,0,0,DODic17,330.0000000
3691464,1499436432783,100,0,18.5200000,0,0,DODic17,50.0000000
3691465,1499436433220,10,1,18.6460000,0,0,DODic17,60.0000000
3691490,1499436492753,100,0,18.5200000,0,0,DODic17,50.0000000
3691491,1499436493154,10,1,18.6460000,0,0,DODic17,30.0000000
3691506,1499436550322,100,0,18.5200000,0,0,DODic17,50.0000000
3691507,1499436550723,10,1,18.6250000,0,0,DODic17,35.0000000
3691522,1499436609503,100,0,18.5200000,0,0,DODic17,50.0000000
3691523,1499436609902,10,1,18.6450000,0,0,DODic17,30.0000000
3691537,1499436670299,100,0,18.5200000,0,0,DODic17,50.0000000
3691538,1499436670695,10,1,18.6200000,0,0,DODic17,70.0000000
3691577,1499436792052,100,0,18.4760000,0,0,DODic17,25.0000000
3691578,1499436792432,10,1,18.6050000,0,0,DODic17,54.0000000
3691597,1499436852995,100,0,18.4650000,0,0,DODic17,250.0000000
3691598,1499436853371,10,1,18.6050000,0,0,DODic17,54.0000000
3691684,1499437272027,100,0,18.5000000,0,0,DODic17,50.0000000
3691685,1499437272429,10,1,18.6050000,0,0,DODic17,54.0000000
3691704,1499437331192,100,0,18.5000000,0,0,DODic17,50.0000000
3691705,1499437331580,10,1,18.6050000,0,0,DODic17,54.0000000
3691886,1499438048728,100,0,18.5000000,0,0,DODic17,50.0000000
3691887,1499438049136,10,1,18.6050000,0,0,DODic17,134.0000000
3691908,1499438111721,100,0,18.5300000,0,0,DODic17,50.0000000
3691909,1499438112133,10,1,18.5990000,0,0,DODic17,54.0000000
3691930,1499438171429,100,0,18.5300000,0,0,DODic17,50.0000000
3691931,1499438171838,10,1,18.5990000,0,0,DODic17,250.0000000
3691950,1499438231106,100,0,18.5300000,0,0,DODic17,50.0000000
3691951,1499438231478,10,1,18.5990000,0,0,DODic17,200.0000000
3691976,1499438292750,100,0,18.5300000,0,0,DODic17,50.0000000
3691977,1499438293115,10,1,18.5990000,0,0,DODic17,250.0000000
3691990,1499438348722,100,0,18.5300000,0,0,DODic17,50.0000000
3691991,1499438349126,10,1,18.5990000,0,0,DODic17,250.0000000
3692012,1499438412041,100,0,18.5300000,0,0,DODic17,50.0000000
3692013,1499438412444,10,1,18.5990000,0,0,DODic17,134.0000000
3692038,1499438472986,100,0,18.5300000,0,0,DODic17,50.0000000
3692039,1499438473411,10,1,18.5980000,0,0,DODic17,250.0000000
3692066,1499438589422,100,0,18.5300000,0,0,DODic17,50.0000000
3692067,1499438589838,10,1,18.5950000,0,0,DODic17,35.0000000
3692107,1499438711979,100,0,18.5300000,0,0,DODic17,50.0000000
3692108,1499438712399,10,1,18.5950000,0,0,DODic17,35.0000000
3692124,1499438770371,100,0,18.5300000,0,0,DODic17,50.0000000
3692125,1499438770781,10,1,18.5950000,0,0,DODic17,54.0000000
3692141,1499438831337,100,0,18.5300000,0,0,DODic17,50.0000000
3692142,1499438831719,10,1,18.5750000,0,0,DODic17,54.0000000
3692164,1499438949529,100,0,18.5300000,0,0,DODic17,50.0000000
3692165,1499438949929,10,1,18.5750000,0,0,DODic17,54.0000000
3692176,1499439008824,100,0,18.5300000,0,0,DODic17,30.0000000
3692177,1499439009281,10,1,18.5750000,0,0,DODic17,54.0000000
3692195,1499439069864,100,0,18.5300000,0,0,DODic17,30.0000000
3692196,1499439070318,10,1,18.5750000,0,0,DODic17,108.0000000
3692232,1499439191603,100,0,18.5300000,0,0,DODic17,30.0000000
3692233,1499439192124,10,1,18.5750000,0,0,DODic17,188.0000000
3692302,1499439432111,100,0,18.5300000,0,0,DODic17,30.0000000
3692303,1499439432555,10,1,18.5500000,0,0,DODic17,50.0000000
3692322,1499439491637,100,0,18.5300000,0,0,DODic17,30.0000000
3692323,1499439492040,10,1,18.5500000,0,0,DODic17,160.0000000
3692382,1499439672270,100,0,18.5300000,0,0,DODic17,30.0000000
3692383,1499439672676,10,1,18.5490000,0,0,DODic17,20.0000000
3692444,1499439852745,100,0,18.5300000,0,0,DODic17,20.0000000
3692445,1499439853133,10,1,18.5500000,0,0,DODic17,160.0000000
3692472,1499439969513,100,0,18.5300000,0,0,DODic17,20.0000000
3692473,1499439969911,10,1,18.5490000,0,0,DODic17,61.0000000
3692492,1499440029941,100,0,18.5300000,0,0,DODic17,130.0000000
3692493,1499440030338,10,1,18.5490000,0,0,DODic17,61.0000000
3692506,1499440088585,100,0,18.5300000,0,0,DODic17,130.0000000
3692507,1499440089024,10,1,18.5490000,0,0,DODic17,61.0000000
3692528,1499440151286,100,0,18.5300000,0,0,DODic17,130.0000000
3692529,1499440151671,10,1,18.5500000,0,0,DODic17,160.0000000
3692545,1499440210855,100,0,18.5300000,0,0,DODic17,130.0000000
3692546,1499440211258,10,1,18.5500000,0,0,DODic17,10.0000000
3692564,1499440269649,100,0,18.5400000,0,0,DODic17,180.0000000
3692566,1499440270026,10,1,18.5500000,0,0,DODic17,10.0000000
3692585,1499440331322,100,0,18.5400000,0,0,DODic17,180.0000000
3692586,1499440331739,10,1,18.5640000,0,0,DODic17,10.0000000
3692599,1499440388256,100,0,18.5400000,0,0,DODic17,180.0000000
3692600,1499440388641,10,1,18.5640000,0,0,DODic17,10.0000000
3692675,1499440687881,100,0,18.5400000,0,0,DODic17,180.0000000
3692676,1499440688331,10,1,18.5640000,0,0,DODic17,10.0000000
3692699,1499440752025,100,0,18.5400000,0,0,DODic17,180.0000000
3692700,1499440752417,10,1,18.5640000,0,0,DODic17,10.0000000
3692755,1499440970982,100,0,18.5400000,0,0,DODic17,180.0000000
3692756,1499440971390,10,1,18.5590000,0,0,DODic17,10.0000000
3692830,1499441170632,100,0,18.5400000,0,0,DODic17,180.0000000
3692831,1499441171069,10,1,18.5550000,0,0,DODic17,50.0000000
3692855,1499441232107,100,0,18.4730000,0,0,DODic17,5.0000000
3692856,1499441232505,10,1,18.5550000,0,0,DODic17,50.0000000
3692880,1499441292213,100,0,18.4500000,0,0,DODic17,5.0000000
3692881,1499441292610,10,1,18.5500000,0,0,DODic17,50.0000000
3692914,1499441449654,100,0,18.4550000,0,0,DODic17,5.0000000
3692915,1499441450072,10,1,18.5500000,0,0,DODic17,50.0000000
3692924,1499441470073,100,0,18.4550000,0,0,DODic17,5.0000000
3692925,1499441470480,10,1,18.5490000,0,0,DODic17,130.0000000
3693011,1499441713965,100,0,18.4630000,0,0,DODic17,100.0000000
3693012,1499441714344,10,1,18.5480000,0,0,DODic17,130.0000000
3693026,1499441752821,100,0,18.4000000,0,0,DODic17,10.0000000
3693027,1499441753197,10,1,18.5490000,0,0,DODic17,60.0000000
3693078,1499441890104,100,0,18.4630000,0,0,DODic17,100.0000000
3693079,1499441890528,10,1,18.4550000,0,0,DODic17,50.0000000
3693120,1499442013205,100,0,18.4550000,0,0,DODic17,5.0000000
3693121,1499442013602,10,1,18.5450000,0,0,DODic17,50.0000000
3693146,1499442072063,100,0,18.4550000,0,0,DODic17,5.0000000
3693147,1499442072470,10,1,18.5460000,0,0,DODic17,50.0000000
3693174,1499442133548,100,0,18.4800000,0,0,DODic17,50.0000000
3693175,1499442133959,10,1,18.5460000,0,0,DODic17,50.0000000
3693219,1499442292718,100,0,18.4800000,0,0,DODic17,50.0000000
3693220,1499442293111,10,1,18.5460000,0,0,DODic17,50.0000000
3693261,1499442373586,100,0,18.4800000,0,0,DODic17,50.0000000
3693262,1499442373985,10,1,18.5430000,0,0,DODic17,50.0000000
3693283,1499442432579,100,0,18.4800000,0,0,DODic17,50.0000000
3693284,1499442432979,10,1,18.5420000,0,0,DODic17,110.0000000
3693326,1499442613645,100,0,18.4260000,0,0,DODic17,250.0000000
3693327,1499442614027,10,1,18.5200000,0,0,DODic17,26.0000000
3693348,1499442651573,100,0,18.4230000,0,0,DODic17,20.0000000
3693349,1499442651962,10,1,18.5300000,0,0,DODic17,85.0000000
3693370,1499442671772,100,0,18.4500000,0,0,DODic17,50.0000000
3693371,1499442672207,10,1,18.5000000,0,0,DODic17,75.0000000
3693394,1499442732285,100,0,18.4700000,0,0,DODic17,50.0000000
3693395,1499442732700,10,1,18.5000000,0,0,DODic17,75.0000000
3693420,1499442792162,100,0,18.4700000,0,0,DODic17,50.0000000
3693421,1499442792575,10,1,18.4990000,0,0,DODic17,100.0000000
3693444,1499442852873,100,0,18.4700000,0,0,DODic17,50.0000000
3693445,1499442853279,10,1,18.4990000,0,0,DODic17,126.0000000
3693472,1499442913460,100,0,18.4700000,0,0,DODic17,50.0000000
3693473,1499442913840,10,1,18.4900000,0,0,DODic17,26.0000000
3693502,1499443032769,100,0,18.4700000,0,0,DODic17,50.0000000
3693503,1499443033160,10,1,18.4900000,0,0,DODic17,100.0000000
3693538,1499443093019,100,0,18.4500000,0,0,DODic17,100.0000000
3693539,1499443093399,10,1,18.4900000,0,0,DODic17,100.0000000
3693566,1499443153585,100,0,18.4500000,0,0,DODic17,100.0000000
3693567,1499443153995,10,1,18.4900000,0,0,DODic17,160.0000000
3693594,1499443213542,100,0,18.4500000,0,0,DODic17,150.0000000
3693595,1499443213938,10,1,18.4900000,0,0,DODic17,160.0000000
3693638,1499443333542,100,0,18.4500000,0,0,DODic17,150.0000000
3693639,1499443333977,10,1,18.4900000,0,0,DODic17,60.0000000
3693663,1499443392632,100,0,18.4510000,0,0,DODic17,10.0000000
3693664,1499443394046,10,1,18.5000000,0,0,DODic17,135.0000000
3693689,1499443451929,100,0,18.4510000,0,0,DODic17,10.0000000
3693690,1499443452307,10,1,18.5410000,0,0,DODic17,50.0000000
3693718,1499443513179,100,0,18.4510000,0,0,DODic17,10.0000000
3693719,1499443513577,10,1,18.5460000,0,0,DODic17,50.0000000
3693742,1499443572314,100,0,18.4520000,0,0,DODic17,10.0000000
3693743,1499443572685,10,1,18.5460000,0,0,DODic17,50.0000000
3693768,1499443632300,100,0,18.4590000,0,0,DODic17,240.0000000
3693769,1499443632736,10,1,18.5460000,0,0,DODic17,50.0000000
3693794,1499443692953,100,0,18.4730000,0,0,DODic17,240.0000000
3693795,1499443693321,10,1,18.5460000,0,0,DODic17,50.0000000
3693836,1499443852959,100,0,18.4780000,0,0,DODic17,240.0000000
3693837,1499443853395,10,1,18.5460000,0,0,DODic17,50.0000000
3693880,1499443933573,100,0,18.4780000,0,0,DODic17,10.0000000
3693881,1499443933951,10,1,18.5460000,0,0,DODic17,50.0000000
3693910,1499443993478,100,0,18.4780000,0,0,DODic17,240.0000000
3693911,1499443993866,10,1,18.5460000,0,0,DODic17,50.0000000
3694000,1499444293706,100,0,18.4820000,0,0,DODic17,10.0000000
3694001,1499444294094,10,1,18.5460000,0,0,DODic17,50.0000000
3694029,1499444352937,100,0,18.4500000,0,0,DODic17,150.0000000
3694030,1499444353350,10,1,18.5460000,0,0,DODic17,50.0000000
3694054,1499444412788,100,0,18.4790000,0,0,DODic17,235.0000000
3694055,1499444413167,10,1,18.5460000,0,0,DODic17,50.0000000
3694081,1499444532428,100,0,18.4750000,0,0,DODic17,250.0000000
3694082,1499444532844,10,1,18.5460000,0,0,DODic17,50.0000000
3694127,1499444593088,100,0,18.4810000,0,0,DODic17,10.0000000
3694128,1499444593475,10,1,18.5460000,0,0,DODic17,50.0000000
3694156,1499444653243,100,0,18.4810000,0,0,DODic17,10.0000000
3694157,1499444653644,10,1,18.6010000,0,0,DODic17,50.0000000
3694200,1499444834791,100,0,18.4800000,0,0,DODic17,235.0000000
3694201,1499444835211,10,1,18.5890000,0,0,DODic17,50.0000000
3694215,1499444874469,100,0,18.4810000,0,0,DODic17,10.0000000
3694216,1499444874906,10,1,18.5890000,0,0,DODic17,50.0000000
3694231,1499444893568,100,0,18.4880000,0,0,DODic17,250.0000000
3694232,1499444893976,10,1,18.5890000,0,0,DODic17,50.0000000
3694259,1499444952691,100,0,18.4880000,0,0,DODic17,235.0000000
3694260,1499444953099,10,1,18.5700000,0,0,DODic17,126.0000000
3694318,1499445131245,100,0,18.4880000,0,0,DODic17,235.0000000
3694319,1499445131635,10,1,18.5700000,0,0,DODic17,126.0000000
3694333,1499445171009,100,0,18.4880000,0,0,DODic17,235.0000000
3694334,1499445171400,10,1,18.5700000,0,0,DODic17,176.0000000
3694373,1499445252946,100,0,18.4900000,0,0,DODic17,10.0000000
3694374,1499445253338,10,1,18.5900000,0,0,DODic17,250.0000000
3694388,1499445293453,100,0,18.4540000,0,0,DODic17,250.0000000
3694389,1499445293960,10,1,18.5890000,0,0,DODic17,50.0000000
3694416,1499445312922,100,0,18.4910000,0,0,DODic17,10.0000000
3694417,1499445313415,10,1,18.5800000,0,0,DODic17,30.0000000
3694443,1499445372996,100,0,18.4890000,0,0,DODic17,10.0000000
3694444,1499445373463,10,1,18.5800000,0,0,DODic17,30.0000000
3694488,1499445532821,100,0,18.4960000,0,0,DODic17,235.0000000
3694489,1499445533232,10,1,18.5800000,0,0,DODic17,30.0000000
3694514,1499445552849,100,0,18.5050000,0,0,DODic17,200.0000000
3694515,1499445553282,10,1,18.5800000,0,0,DODic17,30.0000000
3695845,1499692690634,100,0,18.4000000,0,0,DODic17,20.0000000
3695936,1499693409585,100,0,18.4000000,0,0,DODic17,20.0000000
3695937,1499693409984,10,1,18.7500000,0,0,DODic17,100.0000000
3695974,1499693589143,100,0,18.4350000,0,0,DODic17,100.0000000
3695975,1499693589577,10,1,18.7500000,0,0,DODic17,100.0000000
3696271,1499695090287,100,0,18.4350000,0,0,DODic17,100.0000000
3696272,1499695090695,10,1,18.6750000,0,0,DODic17,50.0000000
3696343,1499695389763,100,0,18.5000000,0,0,DODic17,10.0000000
3696344,1499695390148,10,1,18.6000000,0,0,DODic17,50.0000000
3696455,1499695810335,100,0,18.5000000,0,0,DODic17,10.0000000
3696456,1499695810729,10,1,18.6000000,0,0,DODic17,70.0000000
3696549,1499696230683,100,0,18.5000000,0,0,DODic17,10.0000000
3696550,1499696231107,10,1,18.6000000,0,0,DODic17,70.0000000
3696621,1499696589022,100,0,18.5000000,0,0,DODic17,10.0000000
3696622,1499696589416,10,1,18.6000000,0,0,DODic17,70.0000000
3696633,1499696649696,100,0,18.5000000,0,0,DODic17,10.0000000
3696634,1499696650085,10,1,18.6000000,0,0,DODic17,50.0000000
3696648,1499696709109,100,0,18.5200000,0,0,DODic17,20.0000000
3696649,1499696709503,10,1,18.6750000,0,0,DODic17,50.0000000
3696696,1499696931982,100,0,18.5200000,0,0,DODic17,20.0000000
3696697,1499696932362,10,1,18.6750000,0,0,DODic17,50.0000000
3696722,1499697010872,100,0,18.5000000,0,0,DODic17,10.0000000
3696723,1499697011311,10,1,18.6750000,0,0,DODic17,50.0000000
3696999,1499698090452,100,0,18.5100000,0,0,DODic17,500.0000000
3697000,1499698090849,10,1,18.6500000,0,0,DODic17,20.0000000
3697056,1499698271462,100,0,18.5200000,0,0,DODic17,250.0000000
3697057,1499698271850,10,1,18.6000000,0,0,DODic17,12.0000000
3697085,1499698332840,100,0,18.5100000,0,0,DODic17,500.0000000
3697086,1499698333252,10,1,18.6000000,0,0,DODic17,12.0000000
3697180,1499698691311,100,0,18.5100000,0,0,DODic17,500.0000000
3697181,1499698691719,10,1,18.6000000,0,0,DODic17,32.0000000
3697237,1499698812893,100,0,18.5110000,0,0,DODic17,50.0000000
3697238,1499698813338,10,1,18.6000000,0,0,DODic17,32.0000000
3697263,1499698872299,100,0,18.5110000,0,0,DODic17,50.0000000
3697265,1499698872695,10,1,18.6000000,0,0,DODic17,32.0000000
3697294,1499698932384,100,0,18.5590000,0,0,DODic17,250.0000000
3697295,1499698932780,10,1,18.6000000,0,0,DODic17,32.0000000
3697320,1499698989781,100,0,18.5160000,0,0,DODic17,50.0000000
3697321,1499698990164,10,1,18.6630000,0,0,DODic17,46.0000000
3697368,1499699112410,100,0,18.5500000,0,0,DODic17,10.0000000
3697370,1499699112800,10,1,18.6630000,0,0,DODic17,46.0000000
3697402,1499699172464,100,0,18.5500000,0,0,DODic17,10.0000000
3697403,1499699172842,10,1,18.6630000,0,0,DODic17,46.0000000
3697416,1499699228028,100,0,18.5500000,0,0,DODic17,10.0000000
3697417,1499699228425,10,1,18.6630000,0,0,DODic17,46.0000000
3697455,1499699352783,100,0,18.5500000,0,0,DODic17,10.0000000
3697456,1499699353218,10,1,18.6630000,0,0,DODic17,46.0000000
3697487,1499699412161,100,0,18.5500000,0,0,DODic17,10.0000000
3697488,1499699412558,10,1,18.6630000,0,0,DODic17,46.0000000
3697555,1499699592594,100,0,18.5500000,0,0,DODic17,10.0000000
3697556,1499699592993,10,1,18.6630000,0,0,DODic17,46.0000000
3697580,1499699650014,100,0,18.5500000,0,0,DODic17,10.0000000
3697581,1499699650405,10,1,18.6680000,0,0,DODic17,46.0000000
3697598,1499699708076,100,0,18.5500000,0,0,DODic17,10.0000000
3697599,1499699708487,10,1,18.6680000,0,0,DODic17,46.0000000
3697643,1499699893133,100,0,18.5500000,0,0,DODic17,10.0000000
3697644,1499699893532,10,1,18.6680000,0,0,DODic17,46.0000000
3697670,1499699951139,100,0,18.5510000,0,0,DODic17,200.0000000
3697671,1499699951518,10,1,18.6500000,0,0,DODic17,20.0000000
3697696,1499700010463,100,0,18.5520000,0,0,DODic17,200.0000000
3697697,1499700010917,10,1,18.6500000,0,0,DODic17,20.0000000
3697747,1499700192258,100,0,18.5500000,0,0,DODic17,10.0000000
3697748,1499700192655,10,1,18.6500000,0,0,DODic17,20.0000000
3697777,1499700252708,100,0,18.5560000,0,0,DODic17,50.0000000
3697778,1499700253324,10,1,18.6500000,0,0,DODic17,20.0000000
3697840,1499700373838,100,0,18.5510000,0,0,DODic17,200.0000000
3697841,1499700374343,10,1,18.6500000,0,0,DODic17,20.0000000
3697876,1499700434236,100,0,18.5670000,0,0,DODic17,200.0000000
3697877,1499700434828,10,1,18.6500000,0,0,DODic17,20.0000000
3698126,1499701212195,100,0,18.5670000,0,0,DODic17,200.0000000
3698127,1499701212609,10,1,18.6500000,0,0,DODic17,20.0000000
3698151,1499701273494,100,0,18.5670000,0,0,DODic17,200.0000000
3698152,1499701274044,10,1,18.6600000,0,0,DODic17,15.0000000
3698202,1499701391357,100,0,18.5640000,0,0,DODic17,400.0000000
3698203,1499701391748,10,1,18.6600000,0,0,DODic17,15.0000000
3698238,1499701451858,100,0,18.5650000,0,0,DODic17,200.0000000
3698239,1499701452288,10,1,18.6600000,0,0,DODic17,15.0000000
3698264,1499701569464,100,0,18.6000000,0,0,DODic17,500.0000000
3698265,1499701569889,10,1,18.6800000,0,0,DODic17,31.0000000
3698285,1499701611450,100,0,18.6000000,0,0,DODic17,500.0000000
3698286,1499701612066,10,1,18.6600000,0,0,DODic17,15.0000000
3698309,1499701631178,100,0,18.6000000,0,0,DODic17,500.0000000
3698310,1499701631565,10,1,18.6680000,0,0,DODic17,31.0000000
3698335,1499701693345,100,0,18.6000000,0,0,DODic17,500.0000000
3698336,1499701693723,10,1,18.6680000,0,0,DODic17,31.0000000
3698455,1499702050314,100,0,18.6000000,0,0,DODic17,500.0000000
3698456,1499702050782,10,1,18.6750000,0,0,DODic17,60.0000000
3698479,1499702112618,100,0,18.6000000,0,0,DODic17,500.0000000
3698480,1499702113044,10,1,18.7380000,0,0,DODic17,5.0000000
3698505,1499702170869,100,0,18.6000000,0,0,DODic17,500.0000000
3698507,1499702171344,10,1,18.7200000,0,0,DODic17,49.0000000
3698525,1499702230118,100,0,18.6000000,0,0,DODic17,500.0000000
3698526,1499702230550,10,1,18.7100000,0,0,DODic17,49.0000000
3698584,1499702349331,100,0,18.6000000,0,0,DODic17,500.0000000
3698585,1499702349718,10,1,18.7050000,0,0,DODic17,49.0000000
3698836,1499703012453,100,0,18.6200000,0,0,DODic17,500.0000000
3698837,1499703012847,10,1,18.7050000,0,0,DODic17,49.0000000
3699909,1499779328256,100,0,18.5500000,0,0,DODic17,27.0000000
3700018,1499779991754,100,0,18.5500000,0,0,DODic17,27.0000000
3700019,1499779992188,10,1,18.6300000,0,0,DODic17,50.0000000
3700054,1499780112364,100,0,18.5500000,0,0,DODic17,27.0000000
3700055,1499780112746,10,1,18.6300000,0,0,DODic17,50.0000000
3700118,1499780291899,100,0,18.5500000,0,0,DODic17,27.0000000
3700119,1499780292344,10,1,18.6300000,0,0,DODic17,50.0000000
3700174,1499780472074,100,0,18.5500000,0,0,DODic17,27.0000000
3700175,1499780472517,10,1,18.6300000,0,0,DODic17,50.0000000
3700190,1499780530444,100,0,18.5500000,0,0,DODic17,27.0000000
3700191,1499780530855,10,1,18.6300000,0,0,DODic17,50.0000000
3700257,1499780752628,100,0,18.5500000,0,0,DODic17,27.0000000
3700258,1499780753041,10,1,18.5500000,0,0,DODic17,150.0000000
3700347,1499781072428,100,0,18.5500000,0,0,DODic17,27.0000000
3700348,1499781072846,10,1,18.6700000,0,0,DODic17,150.0000000
3700489,1499781609129,100,0,18.5500000,0,0,DODic17,27.0000000
3700490,1499781609626,10,1,18.6500000,0,0,DODic17,150.0000000
3700512,1499781672404,100,0,18.5500000,0,0,DODic17,27.0000000
3700513,1499781672790,10,1,18.6500000,0,0,DODic17,200.0000000
3700574,1499781913582,100,0,18.5500000,0,0,DODic17,27.0000000
3700575,1499781913974,10,1,18.6500000,0,0,DODic17,200.0000000
3700594,1499781972038,100,0,18.5500000,0,0,DODic17,27.0000000
3700595,1499781972488,10,1,18.6500000,0,0,DODic17,150.0000000
3700642,1499782149543,100,0,18.5530000,0,0,DODic17,250.0000000
3700643,1499782149976,10,1,18.6500000,0,0,DODic17,150.0000000
3700654,1499782210507,100,0,18.5800000,0,0,DODic17,250.0000000
3700655,1499782210949,10,1,18.6500000,0,0,DODic17,150.0000000
3700684,1499782272130,100,0,18.5530000,0,0,DODic17,250.0000000
3700685,1499782272607,10,1,18.6500000,0,0,DODic17,150.0000000
3700742,1499782451989,100,0,18.5510000,0,0,DODic17,70.0000000
3700743,1499782452403,10,1,18.6500000,0,0,DODic17,150.0000000
3700758,1499782511342,100,0,18.5500000,0,0,DODic17,27.0000000
3700759,1499782511735,10,1,18.6500000,0,0,DODic17,150.0000000
3700917,1499783169342,100,0,18.5500000,0,0,DODic17,27.0000000
3700918,1499783169742,10,1,18.6500000,0,0,DODic17,150.0000000
3701367,1499784613690,100,0,18.5500000,0,0,DODic17,27.0000000
3701368,1499784614135,10,1,18.6500000,0,0,DODic17,150.0000000
3701395,1499784672962,100,0,18.5510000,0,0,DODic17,100.0000000
3701396,1499784673397,10,1,18.6500000,0,0,DODic17,150.0000000
3701423,1499784732675,100,0,18.5510000,0,0,DODic17,100.0000000
3701424,1499784733072,10,1,18.6500000,0,0,DODic17,150.0000000
3701529,1499785031206,100,0,18.5510000,0,0,DODic17,100.0000000
3701530,1499785031652,10,1,18.6500000,0,0,DODic17,150.0000000
3701553,1499785089427,100,0,18.5510000,0,0,DODic17,110.0000000
3701554,1499785089820,10,1,18.6500000,0,0,DODic17,150.0000000
3701579,1499785149825,100,0,18.6000000,0,0,DODic17,50.0000000
3701580,1499785150247,10,1,18.6500000,0,0,DODic17,150.0000000
3701768,1499785633170,100,0,18.6000000,0,0,DODic17,50.0000000
3701769,1499785633548,10,1,18.6500000,0,0,DODic17,150.0000000
3702098,1499786528979,100,0,18.6000000,0,0,DODic17,50.0000000
3702099,1499786529399,10,1,18.6500000,0,0,DODic17,200.0000000
3702310,1499787193179,100,0,18.6000000,0,0,DODic17,50.0000000
3702311,1499787193626,10,1,18.6500000,0,0,DODic17,200.0000000
3702494,1499787670438,100,0,18.6000000,0,0,DODic17,77.0000000
3702495,1499787670859,10,1,18.6500000,0,0,DODic17,200.0000000
3702827,1499788511118,100,0,18.6000000,0,0,DODic17,77.0000000
3702828,1499788511525,10,1,18.6300000,0,0,DODic17,50.0000000
3703083,1499789349733,100,0,18.6000000,0,0,DODic17,77.0000000
3703084,1499789350153,10,1,18.6300000,0,0,DODic17,50.0000000
3703224,1499789710470,100,0,18.6000000,0,0,DODic17,77.0000000
3703225,1499789714450,10,1,18.6300000,0,0,DODic17,50.0000000
3703388,1499790195960,100,0,18.6000000,0,0,DODic17,77.0000000
3703389,1499790196796,10,1,18.6300000,0,0,DODic17,50.0000000
3703519,1499790551243,100,0,18.6000000,0,0,DODic17,77.0000000
3703520,1499790551633,10,1,18.6250000,0,0,DODic17,10.0000000
3703882,1499791630679,100,0,18.6000000,0,0,DODic17,50.0000000
3703883,1499791631079,10,1,18.6250000,0,0,DODic17,10.0000000
3704312,1499792829438,100,0,18.6000000,0,0,DODic17,50.0000000
3704313,1499792829854,10,1,18.6250000,0,0,DODic17,10.0000000
3704399,1499793070253,100,0,18.6000000,0,0,DODic17,50.0000000
3704400,1499793070774,10,1,18.6500000,0,0,DODic17,200.0000000
3705796,1499879533400,100,0,18.5350000,0,0,DODic17,250.0000000
3705797,1499879533840,10,1,18.6450000,0,0,DODic17,500.0000000
3705828,1499879593747,100,0,18.5260000,0,0,DODic17,250.0000000
3705829,1499879594142,10,1,18.6300000,0,0,DODic17,500.0000000
3705868,1499879652904,100,0,18.5260000,0,0,DODic17,250.0000000
3705869,1499879653322,10,1,18.6400000,0,0,DODic17,54.0000000
3705904,1499879713654,100,0,18.5540000,0,0,DODic17,150.0000000
3705905,1499879714058,10,1,18.6400000,0,0,DODic17,54.0000000
3706002,1499879952891,100,0,18.5540000,0,0,DODic17,150.0000000
3706003,1499879953277,10,1,18.6350000,0,0,DODic17,54.0000000
3706028,1499880012012,100,0,18.5540000,0,0,DODic17,150.0000000
3706029,1499880012400,10,1,18.6350000,0,0,DODic17,54.0000000
3706061,1499880073486,100,0,18.5540000,0,0,DODic17,150.0000000
3706062,1499880073859,10,1,18.6330000,0,0,DODic17,54.0000000
3706096,1499880132468,100,0,18.5540000,0,0,DODic17,150.0000000
3706097,1499880133087,10,1,18.6300000,0,0,DODic17,54.0000000
3706138,1499880254290,100,0,18.5390000,0,0,DODic17,100.0000000
3706139,1499880254661,10,1,18.6210000,0,0,DODic17,54.0000000
3706165,1499880294162,100,0,18.5440000,0,0,DODic17,100.0000000
3706166,1499880294530,10,1,18.6300000,0,0,DODic17,54.0000000
3706193,1499880313893,100,0,18.5190000,0,0,DODic17,250.0000000
3706194,1499880314271,10,1,18.6440000,0,0,DODic17,10.0000000
3706219,1499880373813,100,0,18.5100000,0,0,DODic17,500.0000000
3706220,1499880374202,10,1,18.6440000,0,0,DODic17,10.0000000
3706259,1499880433992,100,0,18.5100000,0,0,DODic17,500.0000000
3706260,1499880434408,10,1,18.6430000,0,0,DODic17,10.0000000
3706305,1499880494091,100,0,18.5100000,0,0,DODic17,500.0000000
3706306,1499880494751,10,1,18.6430000,0,0,DODic17,10.0000000
3706339,1499880554876,100,0,18.5100000,0,0,DODic17,500.0000000
3706340,1499880555410,10,1,18.6280000,0,0,DODic17,79.0000000
3706382,1499880673734,100,0,18.5100000,0,0,DODic17,500.0000000
3706383,1499880674117,10,1,18.6280000,0,0,DODic17,150.0000000
3706412,1499880714094,100,0,18.5100000,0,0,DODic17,500.0000000
3706413,1499880714497,10,1,18.6280000,0,0,DODic17,79.0000000
3706436,1499880732020,100,0,18.5100000,0,0,DODic17,500.0000000
3706438,1499880732403,10,1,18.6250000,0,0,DODic17,79.0000000
3706554,1499881034315,100,0,18.5100000,0,0,DODic17,500.0000000
3706555,1499881034701,10,1,18.6290000,0,0,DODic17,150.0000000
3706585,1499881072807,100,0,18.5100000,0,0,DODic17,500.0000000
3706586,1499881073318,10,1,18.6250000,0,0,DODic17,79.0000000
3706609,1499881092968,100,0,18.5100000,0,0,DODic17,500.0000000
3706610,1499881093685,10,1,18.6250000,0,0,DODic17,79.0000000
3706690,1499881273709,100,0,18.5370000,0,0,DODic17,100.0000000
3706691,1499881274132,10,1,18.6130000,0,0,DODic17,79.0000000
3706713,1499881313725,100,0,18.5210000,0,0,DODic17,100.0000000
3706715,1499881314164,10,1,18.6130000,0,0,DODic17,79.0000000
3706744,1499881332903,100,0,18.5370000,0,0,DODic17,100.0000000
3706745,1499881333376,10,1,18.6190000,0,0,DODic17,150.0000000
3706772,1499881393314,100,0,18.5370000,0,0,DODic17,100.0000000
3706773,1499881393715,10,1,18.6570000,0,0,DODic17,10.0000000
3706810,1499881453616,100,0,18.5370000,0,0,DODic17,100.0000000
3706811,1499881453997,10,1,18.6180000,0,0,DODic17,79.0000000
3706834,1499881514296,100,0,18.5370000,0,0,DODic17,100.0000000
3706893,1499881633740,100,0,18.5370000,0,0,DODic17,100.0000000
3706894,1499881634285,10,1,18.6180000,0,0,DODic17,79.0000000
3706936,1499881693128,100,0,18.5370000,0,0,DODic17,100.0000000
3706937,1499881693749,10,1,18.6130000,0,0,DODic17,79.0000000
3706997,1499881813082,100,0,18.5420000,0,0,DODic17,250.0000000
3706998,1499881813459,10,1,18.6130000,0,0,DODic17,79.0000000
3707081,1499882054465,100,0,18.5420000,0,0,DODic17,250.0000000
3707201,1499882352685,100,0,18.5420000,0,0,DODic17,250.0000000
3707202,1499882353166,10,1,18.6080000,0,0,DODic17,79.0000000
3707228,1499882411959,100,0,18.5420000,0,0,DODic17,250.0000000
3707229,1499882412387,10,1,18.6080000,0,0,DODic17,79.0000000
3707271,1499882532713,100,0,18.5420000,0,0,DODic17,250.0000000
3707272,1499882533097,10,1,18.6050000,0,0,DODic17,26.0000000
3707365,1499882832888,100,0,18.5470000,0,0,DODic17,100.0000000
3707366,1499882833345,10,1,18.6050000,0,0,DODic17,36.0000000
3707513,1499883133660,100,0,18.5470000,0,0,DODic17,100.0000000
3707514,1499883134192,10,1,18.6040000,0,0,DODic17,8.0000000
3708915,1499952131375,100,0,18.3200000,0,0,DODic17,100.0000000
3708916,1499952131773,10,1,18.7000000,0,0,DODic17,100.0000000
3708943,1499952190822,100,0,18.3700000,0,0,DODic17,70.0000000
3708944,1499952191207,10,1,18.3700000,0,0,DODic17,100.0000000
3708977,1499952370385,100,0,18.3700000,0,0,DODic17,250.0000000
3708978,1499952370778,10,1,18.6800000,0,0,DODic17,100.0000000
3708995,1499952410786,100,0,18.3700000,0,0,DODic17,100.0000000
3708996,1499952411162,10,1,18.6800000,0,0,DODic17,100.0000000
3709042,1499952671156,100,0,18.4700000,0,0,DODic17,250.0000000
3709043,1499952671587,10,1,18.6500000,0,0,DODic17,100.0000000
3709087,1499952790688,100,0,18.4820000,0,0,DODic17,250.0000000
3709088,1499952791079,10,1,18.6500000,0,0,DODic17,100.0000000
3709102,1499952848277,100,0,18.4840000,0,0,DODic17,250.0000000
3709103,1499952848748,10,1,18.6500000,0,0,DODic17,100.0000000
3709156,1499953151032,100,0,18.4840000,0,0,DODic17,255.0000000
3709332,1499953932056,100,0,18.4840000,0,0,DODic17,255.0000000
3709333,1499953932480,10,1,18.6500000,0,0,DODic17,100.0000000
3709451,1499954452407,100,0,18.4840000,0,0,DODic17,5.0000000
3709452,1499954452774,10,1,18.6500000,0,0,DODic17,100.0000000
3709579,1499954832425,100,0,18.4840000,0,0,DODic17,5.0000000
3709580,1499954833000,10,1,18.6500000,0,0,DODic17,100.0000000
3709654,1499955071879,100,0,18.4840000,0,0,DODic17,5.0000000
3709655,1499955072253,10,1,18.6000000,0,0,DODic17,10.0000000
3709791,1499955731184,100,0,18.5000000,0,0,DODic17,500.0000000
3709792,1499955731567,10,1,18.6000000,0,0,DODic17,10.0000000
3710080,1499956632961,100,0,18.5000000,0,0,DODic17,500.0000000
3710081,1499956633363,10,1,18.6000000,0,0,DODic17,10.0000000
3710096,1499956690381,100,0,18.5000000,0,0,DODic17,500.0000000
3710097,1499956690783,10,1,18.6500000,0,0,DODic17,100.0000000
3710135,1499956868964,100,0,18.5000000,0,0,DODic17,500.0000000
3710136,1499956869418,10,1,18.6430000,0,0,DODic17,100.0000000
3710298,1499957388289,10,1,18.6430000,0,0,DODic17,100.0000000
3710826,1499958910486,100,0,18.5520000,0,0,DODic17,250.0000000
3710827,1499958910871,10,1,18.6430000,0,0,DODic17,100.0000000
3710862,1499959029190,100,0,18.5520000,0,0,DODic17,250.0000000
3710863,1499959029564,10,1,18.6430000,0,0,DODic17,200.0000000
3710972,1499959330870,100,0,18.5000000,0,0,DODic17,505.0000000
3710973,1499959331239,10,1,18.6420000,0,0,DODic17,100.0000000
3711050,1499959452232,100,0,18.5600000,0,0,DODic17,1500.0000000
3711051,1499959452604,10,1,18.6420000,0,0,DODic17,100.0000000
3711085,1499959609212,100,0,18.5000000,0,0,DODic17,505.0000000
3711086,1499959609621,10,1,18.6420000,0,0,DODic17,100.0000000
3711296,1499960232306,100,0,18.5700000,0,0,DODic17,1000.0000000
3711297,1499960232679,10,1,18.6420000,0,0,DODic17,100.0000000
3711318,1499960288903,100,0,18.5710000,0,0,DODic17,200.0000000
3711319,1499960289287,10,1,18.6420000,0,0,DODic17,100.0000000
3711405,1499960351317,100,0,18.5710000,0,0,DODic17,200.0000000
3711406,1499960351705,10,1,18.6420000,0,0,DODic17,100.0000000
3711423,1499960409804,100,0,18.5710000,0,0,DODic17,200.0000000
3711424,1499960410207,10,1,18.6420000,0,0,DODic17,100.0000000
3712078,1499962210563,100,0,18.5710000,0,0,DODic17,200.0000000
3712079,1499962211110,10,1,18.6420000,0,0,DODic17,100.0000000
3712159,1499962451889,100,0,18.5710000,0,0,DODic17,200.0000000
3712160,1499962452307,10,1,18.6420000,0,0,DODic17,100.0000000
3712204,1499962572875,100,0,18.5710000,0,0,DODic17,200.0000000
3712205,1499962573304,10,1,18.6420000,0,0,DODic17,100.0000000
3712265,1499962692796,100,0,18.5710000,0,0,DODic17,197.0000000
3712266,1499962693266,10,1,18.6420000,0,0,DODic17,100.0000000
3712320,1499962731050,10,1,18.6420000,0,0,DODic17,100.0000000
3712365,1499962813795,100,0,18.5710000,0,0,DODic17,197.0000000
3712408,1499962930326,100,0,18.5710000,0,0,DODic17,197.0000000
3712409,1499962930766,10,1,18.6420000,0,0,DODic17,100.0000000
3712440,1499962992127,100,0,18.5750000,0,0,DODic17,98.0000000
3712441,1499962992522,10,1,18.6420000,0,0,DODic17,100.0000000
3712506,1499963173619,100,0,18.5750000,0,0,DODic17,98.0000000
3712507,1499963174019,10,1,18.6430000,0,0,DODic17,100.0000000
3712698,1499963592819,100,0,18.5750000,0,0,DODic17,48.0000000
3712699,1499963593527,10,1,18.6430000,0,0,DODic17,23.0000000
3712770,1499963713669,100,0,18.5750000,0,0,DODic17,48.0000000
3712771,1499963714113,10,1,18.6550000,0,0,DODic17,23.0000000
3712818,1499963833263,100,0,18.5750000,0,0,DODic17,48.0000000
3712819,1499963833742,10,1,18.6430000,0,0,DODic17,250.0000000
3712850,1499963892930,100,0,18.5750000,0,0,DODic17,48.0000000
3712851,1499963893304,10,1,18.6720000,0,0,DODic17,250.0000000
3712931,1499964072283,100,0,18.5750000,0,0,DODic17,48.0000000
3712932,1499964072686,10,1,18.6850000,0,0,DODic17,100.0000000
3713051,1499964312534,100,0,18.5750000,0,0,DODic17,48.0000000
3713052,1499964312911,10,1,18.6980000,0,0,DODic17,10.0000000
3713081,1499964373270,100,0,18.5750000,0,0,DODic17,48.0000000
3713082,1499964373661,10,1,18.6990000,0,0,DODic17,90.0000000
3713117,1499964432806,100,0,18.5750000,0,0,DODic17,48.0000000
3713118,1499964433194,10,1,18.6990000,0,0,DODic17,90.0000000
3713164,1499964592647,100,0,18.5750000,0,0,DODic17,48.0000000
3713165,1499964593038,10,1,18.6990000,0,0,DODic17,80.0000000
3713544,1499965451553,100,0,18.5750000,0,0,DODic17,48.0000000
3713545,1499965451922,10,1,18.6980000,0,0,DODic17,80.0000000
3713588,1499965571979,100,0,18.5750000,0,0,DODic17,48.0000000
3713589,1499965572397,10,1,18.6750000,0,0,DODic17,8.0000000
3713699,1499965810454,100,0,18.5750000,0,0,DODic17,48.0000000
3713700,1499965811040,10,1,18.6500000,0,0,DODic17,500.0000000
3713747,1499965935104,100,0,18.6000000,0,0,DODic17,500.0000000
3713748,1499965935497,10,1,18.6500000,0,0,DODic17,500.0000000
3713780,1499965992870,100,0,18.6000000,0,0,DODic17,500.0000000
3713781,1499965993345,10,1,18.6500000,0,0,DODic17,500.0000000
3714209,1499967130359,100,0,18.6000000,0,0,DODic17,500.0000000
3714210,1499967130739,10,1,18.6650000,0,0,DODic17,8.0000000
3714480,1499967910500,100,0,18.6000000,0,0,DODic17,500.0000000
3714481,1499967910889,10,1,18.6350000,0,0,DODic17,100.0000000
3714506,1499967969187,100,0,18.6000000,0,0,DODic17,500.0000000
3714507,1499967969554,10,1,18.6300000,0,0,DODic17,100.0000000
3714569,1499968189884,10,1,18.6250000,0,0,DODic17,100.0000000
3714590,1499968209990,100,0,18.6000000,0,0,DODic17,100.0000000
3714591,1499968210388,10,1,18.6200000,0,0,DODic17,100.0000000
3714666,1499968391136,100,0,18.6000000,0,0,DODic17,100.0000000
3714667,1499968391538,10,1,18.6200000,0,0,DODic17,100.0000000
3714740,1499968570352,100,0,18.6000000,0,0,DODic17,100.0000000
3714741,1499968570790,10,1,18.6100000,0,0,DODic17,100.0000000
3714764,1499968633463,100,0,18.5710000,0,0,DODic17,197.0000000
3714765,1499968633839,10,1,18.6050000,0,0,DODic17,100.0000000
3714788,1499968692286,100,0,18.5800000,0,0,DODic17,100.0000000
3714789,1499968692688,10,1,18.6400000,0,0,DODic17,200.0000000
3714809,1499968749939,100,0,18.6000000,0,0,DODic17,15.0000000
3714810,1499968750311,10,1,18.6300000,0,0,DODic17,100.0000000
3714835,1499968812863,100,0,18.6000000,0,0,DODic17,15.0000000
3714836,1499968813316,10,1,18.6200000,0,0,DODic17,200.0000000
3714925,1499969051267,100,0,18.5850000,0,0,DODic17,15.0000000
3714926,1499969051651,10,1,18.6200000,0,0,DODic17,200.0000000
3715051,1499969351836,100,0,18.5850000,0,0,DODic17,15.0000000
3715052,1499969352221,10,1,18.6100000,0,0,DODic17,200.0000000
3715142,1499969648587,100,0,18.5900000,0,0,DODic17,400.0000000
3715143,1499969648956,10,1,18.6100000,0,0,DODic17,200.0000000
3715216,1499969832356,100,0,18.5600000,0,0,DODic17,500.0000000
3715217,1499969832743,10,1,18.6100000,0,0,DODic17,200.0000000
3715268,1499969951821,100,0,18.5600000,0,0,DODic17,500.0000000
3715269,1499969952226,10,1,18.6100000,0,0,DODic17,200.0000000
3715306,1499970068108,100,0,18.5600000,0,0,DODic17,500.0000000
3715307,1499970068484,10,1,18.5900000,0,0,DODic17,200.0000000
3715350,1499970187447,100,0,18.5800000,0,0,DODic17,200.0000000
3715351,1499970187936,10,1,18.5900000,0,0,DODic17,200.0000000
3715434,1499970371401,100,0,18.5800000,0,0,DODic17,200.0000000
3715435,1499970371780,10,1,18.6300000,0,0,DODic17,100.0000000
3715446,1499970429632,100,0,18.5800000,0,0,DODic17,200.0000000
3715447,1499970430019,10,1,18.5950000,0,0,DODic17,100.0000000
3715481,1499970496004,100,0,18.5600000,0,0,DODic17,500.0000000
3715482,1499970496392,10,1,18.5950000,0,0,DODic17,100.0000000
3715513,1499970552130,100,0,18.5600000,0,0,DODic17,500.0000000
3715514,1499970552525,10,1,18.5950000,0,0,DODic17,100.0000000
3717846,1500067897866,1000,1,17.0000000,0,0,DODic17,2.0000000
3718997,1500296892212,100,0,18.2350000,0,0,DODic17,100.0000000
3718998,1500296892621,10,1,18.8150000,0,0,DODic17,100.0000000
3719054,1500297132336,100,0,18.2650000,0,0,DODic17,100.0000000
3719055,1500297132755,10,1,18.8150000,0,0,DODic17,100.0000000
3719084,1500297191576,100,0,18.2650000,0,0,DODic17,100.0000000
3719085,1500297191988,10,1,18.7850000,0,0,DODic17,100.0000000
3719122,1500297311712,100,0,18.2650000,0,0,DODic17,100.0000000
3719123,1500297312248,10,1,18.7450000,0,0,DODic17,100.0000000
3719178,1500297491091,100,0,18.3050000,0,0,DODic17,100.0000000
3719179,1500297491503,10,1,18.7450000,0,0,DODic17,100.0000000
3719206,1500297551140,100,0,18.3050000,0,0,DODic17,100.0000000
3719207,1500297551585,10,1,18.6950000,0,0,DODic17,100.0000000
3719242,1500297671738,100,0,18.3050000,0,0,DODic17,100.0000000
3719243,1500297672151,10,1,18.6800000,0,0,DODic17,100.0000000
3719258,1500297731564,100,0,18.3050000,0,0,DODic17,100.0000000
3719259,1500297731950,10,1,18.6750000,0,0,DODic17,100.0000000
3719299,1500297791477,100,0,18.3250000,0,0,DODic17,100.0000000
3719300,1500297791932,10,1,18.6750000,0,0,DODic17,100.0000000
3719405,1500298311136,10,1,18.6750000,0,0,DODic17,100.0000000
3719562,1500299149124,10,1,18.6750000,0,0,DODic17,100.0000000
3719622,1500299469290,100,0,18.4160000,0,0,DODic17,100.0000000
3719623,1500299469692,10,1,18.6750000,0,0,DODic17,100.0000000
3719730,1500299651406,100,0,18.4160000,0,0,DODic17,100.0000000
3719731,1500299652773,10,1,18.6650000,0,0,DODic17,100.0000000
3719958,1500300232713,100,0,18.4210000,0,0,DODic17,100.0000000
3719959,1500300233139,10,1,18.6650000,0,0,DODic17,100.0000000
3720020,1500300432103,100,0,18.4320000,0,0,DODic17,20.0000000
3720021,1500300432490,10,1,18.6650000,0,0,DODic17,100.0000000
3720135,1500300852618,100,0,18.4210000,0,0,DODic17,100.0000000
3720136,1500300853031,10,1,18.6640000,0,0,DODic17,250.0000000
3720159,1500300911810,100,0,18.4290000,0,0,DODic17,100.0000000
3720160,1500300912208,10,1,18.6590000,0,0,DODic17,250.0000000
3720197,1500301032418,100,0,18.4290000,0,0,DODic17,100.0000000
3720198,1500301032853,10,1,18.6620000,0,0,DODic17,250.0000000
3720260,1500301272904,100,0,18.4290000,0,0,DODic17,100.0000000
3720261,1500301273303,10,1,18.6590000,0,0,DODic17,250.0000000
3720296,1500301392861,100,0,18.4290000,0,0,DODic17,100.0000000
3720297,1500301393259,10,1,18.6650000,0,0,DODic17,100.0000000
3720332,1500301512541,100,0,18.4360000,0,0,DODic17,15.0000000
3720333,1500301512946,10,1,18.6400000,0,0,DODic17,20.0000000
3720347,1500301572448,100,0,18.4480000,0,0,DODic17,15.0000000
3720348,1500301572844,10,1,18.6400000,0,0,DODic17,20.0000000
3720419,1500301812464,100,0,18.4350000,0,0,DODic17,50.0000000
3720420,1500301812883,10,1,18.6160000,0,0,DODic17,250.0000000
3720459,1500301872349,100,0,18.4350000,0,0,DODic17,50.0000000
3720460,1500301872744,10,1,18.6140000,0,0,DODic17,250.0000000
3720483,1500301932994,100,0,18.4350000,0,0,DODic17,50.0000000
3720484,1500301933393,10,1,18.6140000,0,0,DODic17,150.0000000
3720512,1500301993586,100,0,18.4350000,0,0,DODic17,50.0000000
3720513,1500301993979,10,1,18.6100000,0,0,DODic17,50.0000000
3720543,1500302052882,100,0,18.4410000,0,0,DODic17,150.0000000
3720544,1500302053314,10,1,18.6100000,0,0,DODic17,50.0000000
3720570,1500302113022,100,0,18.4390000,0,0,DODic17,10.0000000
3720571,1500302113473,10,1,18.6100000,0,0,DODic17,50.0000000
3720608,1500302229921,100,0,18.4510000,0,0,DODic17,100.0000000
3720609,1500302230349,10,1,18.6100000,0,0,DODic17,50.0000000
3720626,1500302273731,100,0,18.4510000,0,0,DODic17,100.0000000
3720627,1500302274275,10,1,18.6100000,0,0,DODic17,50.0000000
3720647,1500302293398,100,0,18.4510000,0,0,DODic17,105.0000000
3720648,1500302293798,10,1,18.6400000,0,0,DODic17,20.0000000
3720711,1500302412116,100,0,18.4600000,0,0,DODic17,100.0000000
3720712,1500302412491,10,1,18.6400000,0,0,DODic17,20.0000000
3720737,1500302472804,100,0,18.4600000,0,0,DODic17,100.0000000
3720738,1500302473209,10,1,18.6400000,0,0,DODic17,20.0000000
3720765,1500302532739,100,0,18.4600000,0,0,DODic17,100.0000000
3720766,1500302533318,10,1,18.6400000,0,0,DODic17,20.0000000
3720795,1500302593537,100,0,18.4600000,0,0,DODic17,100.0000000
3720796,1500302593942,10,1,18.6400000,0,0,DODic17,20.0000000
3720844,1500302713069,100,0,18.4600000,0,0,DODic17,100.0000000
3720845,1500302713440,10,1,18.6400000,0,0,DODic17,20.0000000
3720880,1500302832194,100,0,18.4600000,0,0,DODic17,100.0000000
3720881,1500302832573,10,1,18.6400000,0,0,DODic17,20.0000000
3720912,1500302991761,100,0,18.4630000,0,0,DODic17,100.0000000
3720913,1500302992160,10,1,18.6400000,0,0,DODic17,20.0000000
3720936,1500303012953,100,0,18.4700000,0,0,DODic17,25.0000000
3720937,1500303013359,10,1,18.6400000,0,0,DODic17,20.0000000
3720962,1500303053530,100,0,18.4630000,0,0,DODic17,100.0000000
3720963,1500303053901,10,1,18.6400000,0,0,DODic17,20.0000000
3720983,1500303072835,100,0,18.4700000,0,0,DODic17,25.0000000
3720984,1500303073323,10,1,18.6400000,0,0,DODic17,20.0000000
3721032,1500303193696,100,0,18.4700000,0,0,DODic17,25.0000000
3721033,1500303194078,10,1,18.6400000,0,0,DODic17,20.0000000
3721064,1500303252162,100,0,18.4700000,0,0,DODic17,25.0000000
3721065,1500303252604,10,1,18.6400000,0,0,DODic17,20.0000000
3721095,1500303312002,100,0,18.4700000,0,0,DODic17,25.0000000
3721096,1500303312387,10,1,18.6400000,0,0,DODic17,20.0000000
3721140,1500303431855,100,0,18.4950000,0,0,DODic17,250.0000000
3721141,1500303432221,10,1,18.6400000,0,0,DODic17,20.0000000
3721155,1500303492825,100,0,18.4700000,0,0,DODic17,25.0000000
3721156,1500303493407,10,1,18.6400000,0,0,DODic17,20.0000000
3721201,1500303614946,100,0,18.4710000,0,0,DODic17,100.0000000
3721202,1500303615409,10,1,18.6400000,0,0,DODic17,20.0000000
3721241,1500303673634,100,0,18.4730000,0,0,DODic17,100.0000000
3721242,1500303674020,10,1,18.6400000,0,0,DODic17,20.0000000
3721334,1500303852475,100,0,18.4730000,0,0,DODic17,105.0000000
3721335,1500303852920,10,1,18.6400000,0,0,DODic17,20.0000000
3721380,1500303971990,100,0,18.4930000,0,0,DODic17,150.0000000
3721381,1500303972416,10,1,18.6400000,0,0,DODic17,20.0000000
3721448,1500304093028,100,0,18.4930000,0,0,DODic17,150.0000000
3721449,1500304093613,10,1,18.6400000,0,0,DODic17,20.0000000
3721476,1500304153574,100,0,18.4930000,0,0,DODic17,250.0000000
3721477,1500304153990,10,1,18.6400000,0,0,DODic17,20.0000000
3721508,1500304212382,100,0,18.5070000,0,0,DODic17,250.0000000
3721509,1500304212880,10,1,18.6400000,0,0,DODic17,20.0000000
3721550,1500304273455,100,0,18.4900000,0,0,DODic17,150.0000000
3721551,1500304273835,10,1,18.6400000,0,0,DODic17,20.0000000
3721583,1500304392444,100,0,18.4930000,0,0,DODic17,150.0000000
3721584,1500304392832,10,1,18.6400000,0,0,DODic17,20.0000000
3721601,1500304433333,100,0,18.4930000,0,0,DODic17,150.0000000
3721602,1500304433845,10,1,18.6400000,0,0,DODic17,20.0000000
3721627,1500304452454,100,0,18.4930000,0,0,DODic17,155.0000000
3721628,1500304452888,10,1,18.6590000,0,0,DODic17,15.0000000
3721661,1500304511541,100,0,18.4930000,0,0,DODic17,155.0000000
3721662,1500304511936,10,1,18.6590000,0,0,DODic17,15.0000000
3721701,1500304573910,100,0,18.4970000,0,0,DODic17,250.0000000
3721702,1500304574290,10,1,18.6590000,0,0,DODic17,15.0000000
3721730,1500304632048,100,0,18.4930000,0,0,DODic17,5.0000000
3721731,1500304632479,10,1,18.6740000,0,0,DODic17,500.0000000
3721773,1500304692872,100,0,18.5010000,0,0,DODic17,500.0000000
3721774,1500304693301,10,1,18.6500000,0,0,DODic17,50.0000000
3721819,1500304751997,100,0,18.5200000,0,0,DODic17,50.0000000
3721820,1500304752381,10,1,18.6500000,0,0,DODic17,50.0000000
3721857,1500304812778,100,0,18.5200000,0,0,DODic17,55.0000000
3721858,1500304813431,10,1,18.6500000,0,0,DODic17,50.0000000
3721941,1500304991595,100,0,18.5200000,0,0,DODic17,5.0000000
3721942,1500304991963,10,1,18.6650000,0,0,DODic17,15.0000000
3721977,1500305052727,100,0,18.5200000,0,0,DODic17,5.0000000
3721978,1500305053124,10,1,18.6650000,0,0,DODic17,15.0000000
3721997,1500305113409,100,0,18.5200000,0,0,DODic17,5.0000000
3721998,1500305113821,10,1,18.6650000,0,0,DODic17,15.0000000
3722268,1500305809343,100,0,18.5200000,0,0,DODic17,25.0000000
3722269,1500305809736,10,1,18.6650000,0,0,DODic17,15.0000000
3722294,1500305831222,100,0,18.5300000,0,0,DODic17,164.0000000
3722295,1500305831615,10,1,18.6650000,0,0,DODic17,15.0000000
3722503,1500306251762,100,0,18.5300000,0,0,DODic17,164.0000000
3722504,1500306252333,10,1,18.6980000,0,0,DODic17,245.0000000
3722520,1500306311590,100,0,18.5300000,0,0,DODic17,164.0000000
3722521,1500306312023,10,1,18.6500000,0,0,DODic17,10.0000000
3722572,1500306373789,100,0,18.6500000,0,0,DODic17,164.0000000
3722573,1500306374209,10,1,18.6700000,0,0,DODic17,100.0000000
3722587,1500306431829,100,0,18.5440000,0,0,DODic17,125.0000000
3722588,1500306432241,10,1,18.6700000,0,0,DODic17,100.0000000
3722757,1500306731751,100,0,18.5470000,0,0,DODic17,250.0000000
3722758,1500306732219,10,1,18.6700000,0,0,DODic17,100.0000000
3722843,1500306912995,100,0,18.5470000,0,0,DODic17,255.0000000
3722844,1500306913375,10,1,18.6700000,0,0,DODic17,100.0000000
3722868,1500307027854,100,0,18.5470000,0,0,DODic17,255.0000000
3722869,1500307028270,10,1,18.6700000,0,0,DODic17,100.0000000
3723369,1500308291147,100,0,18.5470000,0,0,DODic17,255.0000000
3723370,1500308291554,10,1,18.6500000,0,0,DODic17,50.0000000
3723409,1500308413310,100,0,18.5870000,0,0,DODic17,8.0000000
3723410,1500308413951,10,1,18.7150000,0,0,DODic17,15.0000000
3723433,1500308452608,100,0,18.5470000,0,0,DODic17,255.0000000
3723434,1500308453021,10,1,18.6810000,0,0,DODic17,15.0000000
3723467,1500308473169,100,0,18.6400000,0,0,DODic17,500.0000000
3723468,1500308473587,10,1,18.7150000,0,0,DODic17,15.0000000
3723492,1500308532966,100,0,18.6400000,0,0,DODic17,500.0000000
3723493,1500308533443,10,1,18.7150000,0,0,DODic17,15.0000000
3723649,1500308892950,100,0,18.6400000,0,0,DODic17,500.0000000
3723650,1500308893360,10,1,18.7150000,0,0,DODic17,15.0000000
3723705,1500309052482,100,0,18.6400000,0,0,DODic17,500.0000000
3723706,1500309052945,10,1,18.7150000,0,0,DODic17,15.0000000
3723870,1500309430764,100,0,18.6600000,0,0,DODic17,500.0000000
3723871,1500309431245,10,1,18.7150000,0,0,DODic17,15.0000000
3723957,1500309612309,100,0,18.6700000,0,0,DODic17,500.0000000
3723958,1500309612673,10,1,18.7150000,0,0,DODic17,15.0000000
3724027,1500309733483,100,0,18.6500000,0,0,DODic17,500.0000000
3724028,1500309733882,10,1,18.7480000,0,0,DODic17,40.0000000
3724055,1500309792679,100,0,18.6500000,0,0,DODic17,500.0000000
3724056,1500309793070,10,1,18.7480000,0,0,DODic17,40.0000000
3724155,1500310031655,100,0,18.6500000,0,0,DODic17,500.0000000
3724156,1500310032077,10,1,18.7480000,0,0,DODic17,40.0000000
3724178,1500310060584,100,0,18.6500000,0,0,DODic17,500.0000000
3724179,1500310060983,10,1,18.7580000,0,0,DODic17,500.0000000
3724565,1500310932879,100,0,18.6500000,0,0,DODic17,500.0000000
3724566,1500310933306,10,1,18.7150000,0,0,DODic17,10.0000000
3724590,1500310993471,100,0,18.6500000,0,0,DODic17,500.0000000
3724591,1500310993838,10,1,18.7000000,0,0,DODic17,50.0000000
3724680,1500311174051,100,0,18.6500000,0,0,DODic17,500.0000000
3724681,1500311174440,10,1,18.7000000,0,0,DODic17,50.0000000
3724993,1500311953405,100,0,18.6500000,0,0,DODic17,500.0000000
3724994,1500311953787,10,1,18.6930000,0,0,DODic17,200.0000000
3725134,1500312253033,100,0,18.6500000,0,0,DODic17,500.0000000
3725135,1500312253433,10,1,18.7000000,0,0,DODic17,50.0000000
3725188,1500312372081,100,0,18.6500000,0,0,DODic17,500.0000000
3725189,1500312372483,10,1,18.7230000,0,0,DODic17,100.0000000
3725305,1500312613726,100,0,18.6550000,0,0,DODic17,500.0000000
3725306,1500312614252,10,1,18.6800000,0,0,DODic17,427.0000000
3725347,1500312671629,100,0,18.6650000,0,0,DODic17,500.0000000
3725348,1500312672004,10,1,18.7330000,0,0,DODic17,100.0000000
3725379,1500312733486,100,0,18.6650000,0,0,DODic17,500.0000000
3725380,1500312733884,10,1,18.6900000,0,0,DODic17,500.0000000
3725442,1500312852941,100,0,18.6650000,0,0,DODic17,470.0000000
3725443,1500312853399,10,1,18.6700000,0,0,DODic17,500.0000000
3725464,1500312910803,100,0,18.6650000,0,0,DODic17,470.0000000
3725465,1500312911197,10,1,18.6700000,0,0,DODic17,505.0000000
3725488,1500312972858,100,0,18.5200000,0,0,DODic17,20.0000000
3725491,1500312973410,10,1,18.7330000,0,0,DODic17,100.0000000
3725531,1500313032632,100,0,18.5840000,0,0,DODic17,250.0000000
3725532,1500313033028,10,1,18.7330000,0,0,DODic17,100.0000000
3725588,1500313213299,100,0,18.6350000,0,0,DODic17,250.0000000
3725589,1500313213675,10,1,18.7330000,0,0,DODic17,100.0000000
3725623,1500313274576,100,0,18.6470000,0,0,DODic17,250.0000000
3725624,1500313274961,10,1,18.7330000,0,0,DODic17,100.0000000
3725694,1500313392965,100,0,18.6470000,0,0,DODic17,250.0000000
3725695,1500313393363,10,1,18.7330000,0,0,DODic17,100.0000000
3725805,1500313634903,100,0,18.6000000,0,0,DODic17,5.0000000
3725806,1500313635282,10,1,18.7230000,0,0,DODic17,100.0000000
3725856,1500313794638,100,0,18.5970000,0,0,DODic17,5.0000000
3725857,1500313795077,10,1,18.7230000,0,0,DODic17,100.0000000
3725974,1500313874392,100,0,18.5970000,0,0,DODic17,10.0000000
3725975,1500313874775,10,1,18.7230000,0,0,DODic17,100.0000000
3725998,1500313933599,100,0,18.5970000,0,0,DODic17,5.0000000
3725999,1500313934003,10,1,18.8070000,0,0,DODic17,100.0000000
3726033,1500313993318,100,0,18.6120000,0,0,DODic17,10.0000000
3726034,1500313993908,10,1,18.8020000,0,0,DODic17,100.0000000
3726064,1500314052081,100,0,18.6170000,0,0,DODic17,10.0000000
3726065,1500314052470,10,1,18.8020000,0,0,DODic17,100.0000000
3726107,1500314113094,100,0,18.6310000,0,0,DODic17,10.0000000
3726108,1500314113487,10,1,18.8090000,0,0,DODic17,150.0000000
3726144,1500314172889,100,0,18.6330000,0,0,DODic17,50.0000000
3726145,1500314173286,10,1,18.8090000,0,0,DODic17,150.0000000
3726172,1500314233827,100,0,18.6140000,0,0,DODic17,250.0000000
3726173,1500314234233,10,1,18.7890000,0,0,DODic17,50.0000000
3726203,1500314392335,100,0,18.6260000,0,0,DODic17,65.0000000
3726204,1500314392741,10,1,18.7890000,0,0,DODic17,50.0000000
3726234,1500314413853,100,0,18.6510000,0,0,DODic17,250.0000000
3726235,1500314414261,10,1,18.8180000,0,0,DODic17,50.0000000
3726267,1500314453409,100,0,18.6410000,0,0,DODic17,70.0000000
3726268,1500314453854,10,1,18.7430000,0,0,DODic17,114.0000000
3726295,1500314474272,100,0,18.6510000,0,0,DODic17,250.0000000
3726296,1500314474657,10,1,18.7600000,0,0,DODic17,50.0000000
3726324,1500314531641,100,0,18.6510000,0,0,DODic17,250.0000000
3726325,1500314532011,10,1,18.7600000,0,0,DODic17,50.0000000
3726358,1500314591138,100,0,18.7000000,0,0,DODic17,500.0000000
3726359,1500314591751,10,1,18.7600000,0,0,DODic17,50.0000000
3726449,1500314774413,100,0,18.7000000,0,0,DODic17,500.0000000
3726450,1500314774888,10,1,18.7600000,0,0,DODic17,50.0000000
3726571,1500315011591,100,0,18.7000000,0,0,DODic17,500.0000000
3726572,1500315012012,10,1,18.7590000,0,0,DODic17,14.0000000
3726604,1500315074266,100,0,18.7000000,0,0,DODic17,500.0000000
3726605,1500315074666,10,1,18.7600000,0,0,DODic17,50.0000000
3726816,1500315551256,100,0,18.7000000,0,0,DODic17,500.0000000
3726817,1500315551642,10,1,18.7600000,0,0,DODic17,60.0000000
3726849,1500315612840,100,0,18.7000000,0,0,DODic17,520.0000000
3726850,1500315613245,10,1,18.7600000,0,0,DODic17,60.0000000
3726959,1500315911788,100,0,18.7000000,0,0,DODic17,520.0000000
3726961,1500315912201,10,1,18.7600000,0,0,DODic17,10.0000000
3726988,1500315971198,100,0,18.7000000,0,0,DODic17,520.0000000
3726989,1500315971578,10,1,18.7600000,0,0,DODic17,10.0000000
3727043,1500316191167,100,0,18.7000000,0,0,DODic17,520.0000000
3727044,1500316191566,10,1,18.7600000,0,0,DODic17,10.0000000
3727060,1500316212050,100,0,18.7000000,0,0,DODic17,520.0000000
3727061,1500316212472,10,1,19.0800000,0,0,DODic17,50.0000000
3727088,1500316252496,100,0,18.7000000,0,0,DODic17,520.0000000
3727089,1500316252901,10,1,18.7600000,0,0,DODic17,10.0000000
3728557,1500324059248,1001,0,12.0100000,0,0,DODic17,2400.0000000
3729905,1500383531832,100,0,18.4600000,0,0,DODic17,100.0000000
3729906,1500383532279,10,1,19.0000000,0,0,DODic17,100.0000000
3729909,1500383588462,100,0,18.5100000,0,0,DODic17,100.0000000
3729910,1500383588834,10,1,18.9600000,0,0,DODic17,100.0000000
3730107,1500384852139,100,0,18.5100000,0,0,DODic17,100.0000000
3730144,1500384911970,100,0,18.6860000,0,0,DODic17,150.0000000
3730145,1500384912446,10,1,18.9970000,0,0,DODic17,100.0000000
3730177,1500385032484,100,0,18.6730000,0,0,DODic17,100.0000000
3730178,1500385032867,10,1,18.9590000,0,0,DODic17,100.0000000
3730189,1500385072160,10,1,18.9970000,0,0,DODic17,100.0000000
3730232,1500385212798,100,0,18.6730000,0,0,DODic17,100.0000000
3730233,1500385213251,10,1,18.9590000,0,0,DODic17,200.0000000
3730299,1500385552181,100,0,18.6730000,0,0,DODic17,100.0000000
3730300,1500385552583,10,1,18.9390000,0,0,DODic17,100.0000000
3730321,1500385572320,100,0,18.6730000,0,0,DODic17,100.0000000
3730322,1500385572697,10,1,18.9590000,0,0,DODic17,100.0000000
3730342,1500385612376,100,0,18.6730000,0,0,DODic17,100.0000000
3730343,1500385612769,10,1,18.9490000,0,0,DODic17,100.0000000
3730396,1500385852798,100,0,18.6730000,0,0,DODic17,100.0000000
3730397,1500385853202,10,1,18.9970000,0,0,DODic17,100.0000000
3730418,1500385869611,100,0,18.6730000,0,0,DODic17,100.0000000
3730419,1500385869989,10,1,18.9590000,0,0,DODic17,100.0000000
3730433,1500385876102,100,0,18.6730000,0,0,DODic17,100.0000000
3730434,1500385876601,10,1,18.9740000,0,0,DODic17,100.0000000
3730460,1500385932094,100,0,18.6490000,0,0,DODic17,100.0000000
3730461,1500385932481,10,1,18.9790000,0,0,DODic17,100.0000000
3730484,1500385991776,100,0,18.7590000,0,0,DODic17,100.0000000
3730485,1500385992162,10,1,18.9970000,0,0,DODic17,200.0000000
3730509,1500386052636,100,0,18.7270000,0,0,DODic17,10.0000000
3730510,1500386053057,10,1,18.9790000,0,0,DODic17,250.0000000
3730530,1500386112502,10,1,19.0000000,0,0,DODic17,100.0000000
3730551,1500386171788,100,0,18.7780000,0,0,DODic17,100.0000000
3730552,1500386172167,10,1,18.9750000,0,0,DODic17,200.0000000
3730575,1500386231912,100,0,18.7780000,0,0,DODic17,100.0000000
3730576,1500386232283,10,1,18.9670000,0,0,DODic17,200.0000000
3730601,1500386292262,100,0,18.7680000,0,0,DODic17,100.0000000
3730602,1500386292658,10,1,18.9670000,0,0,DODic17,200.0000000
3730623,1500386352312,100,0,18.7680000,0,0,DODic17,110.0000000
3730624,1500386352694,10,1,18.9650000,0,0,DODic17,250.0000000
3730647,1500386415837,100,0,18.6610000,0,0,DODic17,200.0000000
3730648,1500386416246,10,1,18.9650000,0,0,DODic17,250.0000000
3730674,1500386471856,100,0,18.7040000,0,0,DODic17,50.0000000
3730675,1500386472266,10,1,18.9610000,0,0,DODic17,5.0000000
3730702,1500386531807,100,0,18.6940000,0,0,DODic17,100.0000000
3730703,1500386532193,10,1,18.9610000,0,0,DODic17,5.0000000
3730729,1500386651673,100,0,18.7210000,0,0,DODic17,100.0000000
3730730,1500386652104,10,1,18.9040000,0,0,DODic17,100.0000000
3730745,1500386692063,100,0,18.7000000,0,0,DODic17,5.0000000
3730746,1500386692490,10,1,18.9050000,0,0,DODic17,100.0000000
3730773,1500386712568,100,0,18.7260000,0,0,DODic17,50.0000000
3730774,1500386712976,10,1,18.9040000,0,0,DODic17,100.0000000
3730807,1500386772495,100,0,18.7360000,0,0,DODic17,50.0000000
3730808,1500386772931,10,1,18.9610000,0,0,DODic17,5.0000000
3730835,1500386832465,100,0,18.7260000,0,0,DODic17,100.0000000
3730836,1500386832889,10,1,18.9610000,0,0,DODic17,5.0000000
3730871,1500386952448,100,0,18.7460000,0,0,DODic17,250.0000000
3730872,1500386952829,10,1,18.9950000,0,0,DODic17,100.0000000
3730884,1500386992477,100,0,18.7340000,0,0,DODic17,250.0000000
3730885,1500386992870,10,1,18.9600000,0,0,DODic17,10.0000000
3730897,1500387011135,100,0,18.7460000,0,0,DODic17,250.0000000
3730898,1500387011539,10,1,18.9950000,0,0,DODic17,100.0000000
3730923,1500387072471,100,0,18.7460000,0,0,DODic17,250.0000000
3730924,1500387072879,10,1,18.9540000,0,0,DODic17,100.0000000
3730955,1500387132194,100,0,18.7570000,0,0,DODic17,10.0000000
3730967,1500387192412,100,0,18.7570000,0,0,DODic17,10.0000000
3730968,1500387192805,10,1,18.9770000,0,0,DODic17,250.0000000
3731011,1500387312352,100,0,18.7660000,0,0,DODic17,250.0000000
3731012,1500387312732,10,1,18.9770000,0,0,DODic17,250.0000000
3731032,1500387352358,100,0,18.7570000,0,0,DODic17,10.0000000
3731033,1500387352768,10,1,18.9770000,0,0,DODic17,250.0000000
3731060,1500387372370,100,0,18.7660000,0,0,DODic17,10.0000000
3731061,1500387372769,10,1,18.9550000,0,0,DODic17,25.0000000
3732720,1500414674223,100,0,18.7660000,0,0,DODic17,2.0000000
3732721,1500414674614,10,1,19.2500000,0,0,DODic17,50.0000000
3733942,1500470169709,100,0,18.5000000,0,0,DODic17,30.0000000
3733947,1500470288685,100,0,18.5500000,0,0,DODic17,50.0000000
3733953,1500470409216,100,0,18.5500000,0,0,DODic17,65.0000000
3733973,1500470830786,100,0,18.8000000,0,0,DODic17,5000.0000000
3733974,1500470837518,1225,1,18.5500000,0,0,DODic17,5.0000000
3733986,1500470947158,100,0,18.9000000,0,0,DODic17,5000.0000000
3733987,1500470947545,10,1,19.3000000,0,0,DODic17,30.0000000
3733997,1500471009706,100,0,18.9000000,0,0,DODic17,5000.0000000
3733998,1500471010130,10,1,19.3000000,0,0,DODic17,30.0000000
3734007,1500471070530,100,0,18.9100000,0,0,DODic17,10.0000000
3734008,1500471070992,10,1,19.3000000,0,0,DODic17,30.0000000
3734045,1500471248757,100,0,18.9100000,0,0,DODic17,15.0000000
3734046,1500471249177,10,1,19.3000000,0,0,DODic17,30.0000000
3734058,1500471310565,100,0,18.9100000,0,0,DODic17,10.0000000
3734059,1500471310992,10,1,19.3000000,0,0,DODic17,30.0000000
3734085,1500471429526,100,0,18.9500000,0,0,DODic17,70.0000000
3734086,1500471429949,10,1,19.3000000,0,0,DODic17,30.0000000
3734125,1500471610883,100,0,18.9100000,0,0,DODic17,10.0000000
3734126,1500471611285,10,1,19.3000000,0,0,DODic17,30.0000000
3734167,1500471789027,100,0,18.9100000,0,0,DODic17,10.0000000
3734168,1500471789427,10,1,19.2500000,0,0,DODic17,100.0000000
3734184,1500471850010,100,0,18.9400000,0,0,DODic17,2000.0000000
3734185,1500471850453,10,1,19.2500000,0,0,DODic17,100.0000000
3734236,1500472088581,100,0,18.9600000,0,0,DODic17,2000.0000000
3734237,1500472088963,10,1,19.2500000,0,0,DODic17,100.0000000
3734278,1500472269107,100,0,18.9100000,0,0,DODic17,10.0000000
3734279,1500472269510,10,1,19.2500000,0,0,DODic17,100.0000000
3734312,1500472450329,100,0,18.9100000,0,0,DODic17,10.0000000
3734313,1500472450703,10,1,19.1500000,0,0,DODic17,10.0000000
3734349,1500472630081,100,0,18.9100000,0,0,DODic17,10.0000000
3734350,1500472630473,10,1,19.1500000,0,0,DODic17,5.0000000
3734361,1500472690262,100,0,18.9100000,0,0,DODic17,10.0000000
3734362,1500472690662,10,1,19.1500000,0,0,DODic17,5.0000000
3734378,1500472750293,100,0,18.9100000,0,0,DODic17,80.0000000
3734379,1500472750702,10,1,19.1500000,0,0,DODic17,5.0000000
3734496,1500473231221,100,0,18.9100000,0,0,DODic17,150.0000000